id,title,overview,genres,keywords,cast,director,release_date,rating,vote_count,popularity,language,poster_path
1538457,Meesaya Murukku 2,"After facing rejection in love and getting into a fight, Jeeva learns about his father Siva's struggles and sacrifices. Inspired by his grandfather's legacy and father's dedication, Jeeva changes his outlook and works hard toward his musical dream. Through determination and perseverance, Jeeva earns recognition in the music industry and brings pride to his family.","Comedy, Romance, Drama",,"HipHop Tamizha Adhi, Ketika Sharma, Chaithra J Achar, Ramya Ranganathan, Harshath Khan",HipHop Tamizha Adhi,2026-09-25,0.0,0,128.0671,ta,/qD1QwmInB9ezd2peVb5EbhaM4Mo.jpg
1408162,Vishwanath & Sons,A celebrated Olympian shooter travels to America looking for a donor to help his sick child — but unexpected romance complicates his search.,"Drama, Romance, Comedy","age-gap relationship, amused","Suriya, Mamitha Baiju, Radhika Sarathkumar, Raveena Tandon, Sunil",Venky Atluri,2026-08-14,7.3,29,38.9396,ta,/mLsvCffzpxxDwC7yVLJSLLjgzoq.jpg
1508168,Bethlehem Kudumba Unit,"Ashley's homecoming from abroad takes an emotional turn when a wedding next door stirs memories of her first love, Justin.","Romance, Comedy, Drama","affectation, candid, hilarious","Nivin Pauly, Mamitha Baiju, Sangeeth Prathap, Suresh Krishna, Bindu Panicker",Girish A. D.,2026-08-21,8.714,21,34.0723,ml,/uaSZiH6yoGaVJcqzKtrfSkqDuHX.jpg
921711,Tamil Rockers,4 Major characters running for the Money facing more challenges by forgetting the fact that it's not the decision of money to reach human.,"Comedy, Thriller",,"Premji Amaran, Meenakshi Dixit, VTV Ganesh, S. P. Charan, Devadarshini",Barani Jayapal,2021-12-31,4.2,5,31.9022,ta,/hOoMQIANxXhRUPkrtSYHYuZaFSm.jpg
1269325,Drishyam: The Conclusion,"Years after outsmarting the police, Vijay Salgaonkar's past resurfaces when a new evidence threatens to expose his secret. As the investigation reopens, he must outwit the system once again to save his family.","Thriller, Drama, Mystery, Crime","sequel, trilogy","Ajay Devgn, Tabu, Shriya Saran, Rajat Kapoor, Jaideep Ahlawat",Abhishek Pathak,2026-10-02,10.0,1,30.5318,hi,/67FsF2kpgEZ1T5Qos4adgqm9dLf.jpg
1451944,Lust Stories 3,"Through four bite-sized yet emotionally resonant films, the anthology once again explores lust, love, relationships, and repressed desire, offering fresh perspectives on intimacy, longing, and human connection in all their complexity.","Romance, Drama","anthology, lust, bollywood, trilogy","Radhika Apte, Konkona Sen Sharma, Vijay Varma, Abhishek Banerjee, Ali Fazal",Vikramaditya Motwane,2026-09-18,6.1,8,25.2353,hi,/cLA83DD1qMEBwbRIYXf29RKjMja.jpg
1213243,Toxic,"A powerful drug cartel pulls the strings behind a facade of sun-soaked beaches as a gritty, violent underworld power struggle emerges during the crumbling of Portuguese colonial rule.","Action, Crime, Drama","gangster, goa, betrayal, loving","Yash, Kiara Advani, Nayanthara, Huma Qureshi, Tara Sutaria",Geetu Mohandas,2026-08-26,8.0,76,22.5048,kn,/5RTd3YCLWbEhbe9OXRuNX3pbT5U.jpg
1685882,Modha Rathri,"Two strangers are brought together at an unusual wedding where, in one night, too many surprises unfold and several lies are told, spiraling into chaos that changes everything.","Romance, Comedy",,"Rishikanth, Anishma Anilkumar, Chetan, A. Venkatesh, Bagavathi Perumal",Raja Karuppasamy,2026-08-21,8.0,10,21.6915,ta,/3VuNFeniljhEe9MDW12MnDbETgH.jpg
1314279,Hi!,"Two individuals initially exchange a simple ""Hi,"" but through a series of chance encounters, shared experiences, and deep conversations, they gradually develop a strong connection and eventually fall in love.","Romance, Drama",,"Kavin Raj, Nayanthara, K. Bhagyaraj, Prabhu, Radhika Sarathkumar",Vishnu Edavan,2026-08-28,4.75,4,20.4715,ta,/9Vgmpa0tcCzkbXf9AY0zXrai1oi.jpg
1317872,Sardar 2,"When the mysterious Black Dagger threatens national security, Inspector Vijay embarks on his most dangerous mission yet. As the battle unfolds, the extraordinary origin of legendary spy Sardar is finally revealed, uncovering the sacrifices that forged a legend and the secrets that could shape the future.","Action, Thriller","war on drugs, sequel","Karthi, S. J. Suryah, Malavika Mohanan, Ashika Ranganath, Rajisha Vijayan",P. S. Mithran,2026-09-10,4.5,2,18.7103,ta,/muGsRtsNrG1gnlF2fPYrBa4TGlr.jpg
1709391,Hanuman Ansh,"A grieving boy seeks God to meet his departed mother, and in finding the divine, learns to serve humanity with miracles of love, food and silent blessings, becoming Hanuman Ansh, Neem Karoli Baba.","Family, Drama",,"Shobhinaw Satyaa, Chandan Anand, Purnima Tiwari, Vihaan Shedge, Anil Rastogi",Vishal Chaturvedi,2026-08-07,8.0,11,16.9534,hi,/as2Y3zGUa2IUS3uAx2sh6Ano3es.jpg
1036081,Khalifa: The Ruler,"Aamir Ali, a notorious gold smuggling kingpin who inherited his multi-million dollar criminal enterprise from a lineage of gangsters, is drawn into a web of vengeance, legacy and power.","Crime, Action",,"Prithviraj Sukumaran, Mohanlal, Neil Nitin Mukesh, Indrans, Shammi Thilakan",Vysakh,2026-08-20,7.1,4,16.6115,ml,/cAl7uuRojdxysptYBj9Mg0czGmI.jpg
1618200,The Dark Heaven,"In the Hill Village of Mekkarai, Where It is Customary for Men to Die Every Seven Years During the Month of June, a Newly Appointed Police Inspector Arrives to Investigate a Series of Mysterious Murders. As He Digs Deeper Into the Village's Dark Secrets and Long-standing Beliefs, He Finds Himself Trapped in a Web of Crime, Fear, and Hidden Truths.","Crime, Thriller",,"Sidhu Sid, Tharshika, Riythvika, Vela Ramamoorthy, Nizhalgal Ravi",Balaaji,2026-09-18,0.0,0,16.2528,ta,/xFr0Q7j2JmOwBJnvImIgTAWBk4U.jpg
1355228,Gandhari,"When a mother loses her eyesight and her daughter in a kidnapping, she takes matters into her own hands to hunt down those responsible.","Action, Drama, Thriller",hindi,"Taapsee Pannu, Ishwak Singh, Mita Vashisht, Swastika Mukherjee, Chhaya Kadam",Devashish Makhija,2026-09-03,7.304,28,15.413,hi,/hCHei97aPYCCsh4vicz9X0wmdFV.jpg
1376856,The Paradise,"In 1980s Secunderabad, a marginalized tribe battles discrimination and fights for citizenship under an unexpected leader's guidance, challenging systemic oppression.","Action, Thriller, Drama","slum, gang leader, oppression, 1980s, tribes","Nani, Mohan Babu, Kayadu Lohar, Sonali Kulkarni, Raghav Juyal",Srikanth Odela,2026-09-23,5.3,6,14.6017,te,/smghVMoMWSIFi5dgIz4w1UIcEcY.jpg
1235877,Jana Nayagan,"A clash of ideologies. One stands for the people, the other feeds on control. Their paths collided once before. Years later, a child’s silent fear ignites the past, drawing a former police officer into a battle far bigger than personal revenge.","Action, Drama","politics, democracy, political leader, inspirational, informative, creative adaptation","Vijay, Pooja Hegde, Bobby Deol, Mamitha Baiju, Priyamani",H. Vinoth,2026-07-22,5.286,21,14.4532,ta,/jt8pfSIdi47YpFMMWVRr8w5u2S0.jpg
20453,3 Idiots,"Rascal. Joker. Dreamer. Genius... You've never met a college student quite like ""Rancho."" From the moment he arrives at India's most prestigious university, Rancho's outlandish schemes turn the campus upside down—along with the lives of his two newfound best friends. Together, they make life miserable for ""Virus,"" the school’s uptight and heartless dean. But when Rancho catches the eye of the dean's daughter, Virus sets his sights on flunking out the ""3 idiots"" once and for all.","Drama, Comedy","challenge, middle class, slapstick comedy, coming of age, flashback, teacher, friends, engineering, university, subjective camera, smart kid, poor kid, looking for friend, plot twist, inspirational, student, life advice, hilarious, amused, delhi","Aamir Khan, R. Madhavan, Sharman Joshi, Kareena Kapoor Khan, Boman Irani",Rajkumar Hirani,2009-12-23,8.01,2849,12.2914,hi,/66A9MqXOyVFCssoloscw79z8Tew.jpg
1291608,Dhurandhar,"In the early 2000s, an undercover operative infiltrates Karachi's underworld, breaking into its inner circle to dismantle a violent nexus from within.","Action, Crime, Thriller","espionage, political party, politics, patriotism, nationalism, gore, pakistan, torture, terrorism, terrorist attack, gun violence, bloodshed, political corruption, 1990s, spy thriller, 2000s, international espionage","Ranveer Singh, Akshaye Khanna, R. Madhavan, Arjun Rampal, Sanjay Dutt",Aditya Dhar,2025-12-05,7.3,361,11.5828,hi,/8FHOtUpNIk5ZPEay2N2EY5lrxkv.jpg
847742,Drishyam 3,"To protect his family and their dark secret, Georgekutty faces an organized new threat. As walls close in and cracks widen, how much more is he willing to sacrifice?","Crime, Drama, Thriller",,"Mohanlal, Meena, Siddique, Asha Sarath, Murali Gopy",Jeethu Joseph,2026-05-21,6.6,21,11.3205,ml,/456FlpiU1iOBnaOxSd783QhZKWw.jpg
579974,RRR,A fictional history of two legendary revolutionaries' journey away from home before they began fighting for their country in the 1920s.,"Action, History, Drama","rescue, revolution, liberation, slavery, male friendship, freedom fighter, british empire, interracial romance, historical fiction, period drama, historical, 1920s, history of india, killed in action, war","N.T. Rama Rao Jr., Ram Charan, Olivia Morris, Ray Stevenson, Alison Doody",S. S. Rajamouli,2022-03-24,7.7,1712,10.8902,te,/wE0I6efAW4cDDmZQWtwZMOW44EJ.jpg
645708,Dragon,Set in 1967 around International Opium Trade by Afghan Trading Company and Golden Trading Company,"Action, Crime, Drama","gang war, gang leader, drug cartel, drugs, drug ring, crime syndicate, drug syndicate, syndicate, drug company, opium wars, british oppression, drug cartel war","N.T. Rama Rao Jr., Shahid Kapoor, Rukmini Vasanth, Alia Bhatt, Ashutosh Rana",Prashanth Neel,2027-06-10,0.0,0,10.2401,te,/qKQEdXj8OFqMjj000RmlU7qQHWR.jpg
1515729,Blast,A seemingly ordinary family must unleash their hidden martial arts skills when they clash with a ruthless criminal gang tied to corruption and violence.,"Action, Thriller","martial arts, karate, home invasion, intense, amused, bollywood","Arjun Sarja, Abhirami, Preity Mukhundhan, Vivek Prasanna, John Kokken",Subash K Raj,2026-05-28,7.85,70,10.05,ta,/lpsUpXieodUhN6DlK9ZDnjkysLk.jpg
1122030,Alpha,"When Sita, a highly trained assassin raised in isolation as a super-soldier by a rogue commander, discovers the dark truth about her family and her stolen childhood, she teams up with her long lost sister to take down her creator and his illicit military program.","Action, Thriller","female spy, raw agent","Alia Bhatt, Sharvari, Bobby Deol, Anil Kapoor, Dibyendu Bhattacharya",Shiv Rawail,2026-07-02,5.177,31,10.0051,hi,/bPtRt3ajQ0EkyeQ1O6iJwAIi9Py.jpg
19404,Dilwale Dulhania Le Jayenge,"Raj is a rich, carefree, happy-go-lucky second generation NRI. Simran is the daughter of Chaudhary Baldev Singh, who in spite of being an NRI is very strict about adherence to Indian values. Simran has left for India to be married to her childhood fiancé. Raj leaves for India with a mission at his hands, to claim his lady love under the noses of her whole family. Thus begins a saga.","Comedy, Drama, Romance","family's daily life, family history, love-hate relationship, family drama, love affair, lighthearted","Kajol, Shah Rukh Khan, Amrish Puri, Farida Jalal, Anupam Kher",Aditya Chopra,1995-10-20,8.504,4625,9.9773,hi,/lfRkUr7DYdHldAqi3PwdQGBRBPM.jpg
257088,Point Break,"A young undercover FBI agent infiltrates a gang of thieves who share a common interest in extreme sports. A remake of the 1991 film, ""Point Break"".","Action, Adventure, Crime, Thriller","surfing, undercover agent, undercover, fbi, extreme sports, remake, skydiving, los angeles, california, bank robbery, undercover operation, ex-president, action thriller","Edgar Ramírez, Luke Bracey, Teresa Palmer, Ray Winstone, Max Thieriot",Ericson Core,2015-12-03,5.955,2495,9.867,en,/z7JOvw5Lqs9ezoFTJxmz3nx3av2.jpg
1479832,DC,Rebel Devadas joins forces with Chandra in a dangerous world where passion and peril collide. Their turbulent alliance demands bloodshed and tests loyalties as survival becomes the ultimate stake in their fight.,"Romance, Action, Drama","robbery, gangster, murder, extortion","Lokesh Kanagaraj, Wamiqa Gabbi, Sanjana Krishnamoorthy, Avinash Raghudevan, Jawahar Sakthi",Arun Matheswaran,2026-08-06,7.9,23,9.8367,ta,/8k71CD24GIAmEFgHYRhqFvwbXH8.jpg
1378537,Mirzapur: The Movie,"The battle for Mirzapur’s throne intensifies as old enemies resurface and a new threat emerges in the form of Babban Babua, a ruthless businessman from Jaisalmer with ambitions of his own. As the Tripathis face enemies from both the past and present, loyalties are tested while Guddu and Bablu Pandit fight to establish themselves in the power struggle for Mirzapur.","Action, Crime, Drama, Thriller",,"Pankaj Tripathi, Ali Fazal, Divyendu Sharma, Jitendra Kumar, Ravi Kishan",Gurmmeet Singh,2026-09-03,6.9,18,9.6456,hi,/cdDKdCRyq6BYuNblpKUYqRPWvEg.jpg
1444466,Awarapan 2,"Once a feared gangster, Shivam lives hidden away from his past, with no faith left in God or himself. But when fate pulls him into Bangkok's cartel war and forces him back into the darkness he swore never to return to, Shivam must choose what he is willing to live for, when there is nothing left to lose.","Action, Drama, Romance",,"Emraan Hashmi, Shabana Azmi, Disha Patani, Suvinder Vicky, Vijayant Kohli",Nitin Kakkar,2026-08-14,6.5,2,9.4086,hi,/lD3J6zTbWkVtPYuSUuuBwpuKMCO.jpg
656908,Ramayana,"An ancient epic follows a young prince and princess whose marriage and subsequent exile mark the beginning of a legendary journey. Their story of love, duty and destiny sets the stage for greater challenges ahead.","Fantasy, Drama, Action","god, based on myths, legends or folklore, hindu mythology, epic","Ranbir Kapoor, Sai Pallavi, Yash, Ravi Dubey, Arun Govil",Nitesh Tiwari,2026-11-04,0.0,0,9.3116,hi,/gOWnXaBxqT6k2y40hKfYU6c0Ym.jpg
1441228,Irumudi,An alcoholic with a violent past—living peacefully with his daughter beside a waterfall—decides to take Ayyappa Deeksha (a 41-day spiritual vow and period of intense austerity) at her request.,"Drama, Family, Action","hindu god, father daughter relationship, devotional film, rural village","Ravi Teja, Nakshathra C M, Priya Bhavani Shankar, Sai Kumar, Ajay Ghosh",Shiva Nirvana,2026-08-20,6.6,24,9.1177,te,/sPePQmJRKkB14sGjB7zBkLJkaTW.jpg
1582770,Dhurandhar: The Revenge,"As rival gangs, corrupt officials and a ruthless Major Iqbal close in, Hamza's mission for his country spirals into a bloody personal war where the line between patriot and monster disappears in the streets of Lyari.","Action, Crime, Thriller","undercover, espionage, politics, spy, traitor, patriotism, nationalism, gore, gang leader, pakistan, sequel, betrayal, conspiracy, torture, soldier, interrogation, terrorist attack, undercover operation, gun violence, bloodshed, political corruption, serious, intense, cruel, excited","Ranveer Singh, Arjun Rampal, Rakesh Bedi, R. Madhavan, Manav Gohil",Aditya Dhar,2026-03-18,7.3,162,9.1021,hi,/ov8vrRLZGoXHpYjSY9Vpv1tHJX7.jpg
1489543,G.D.N,G.D. Naidu overcomes challenges and defies a repressive colonial regime to become one of India's greatest innovators.,Drama,"inventor, biopic","R. Madhavan, Priyamani, Sathyaraj, Jayaram, Dushara Vijayan",Krishnakumar Ramakumar,2026-08-07,7.0,1,9.0304,ta,/aAbvbKbNU6YyYDZ5ntSQcOygliw.jpg
463821,The House with a Clock in Its Walls,"When ten-year-old Lewis is suddenly orphaned, he is sent to live with his Uncle Jonathan in a creaky (and creepy) old mansion with a mysterious ticking noise that emanates from the walls. Upon discovering that his uncle is a warlock, Lewis begins learning magic, but when he rebelliously resurrects an evil warlock he must find the secret of the house and save the world from destruction.","Comedy, Family, Fantasy, Horror, Mystery","based on novel or book, clock, halloween, haunted house, uncle, pumpkin, orphan, warlock, secret passageway, 1950s, magician, amused","Jack Black, Cate Blanchett, Owen Vaccaro, Kyle MacLachlan, Renée Elise Goldsberry",Eli Roth,2018-09-15,6.251,2376,9.0,en,/qM66Hv4ByAxnilr0jaqCA9uOD4Y.jpg
1234139,Jailer 2,"Following the events of ""Jailer"",  former ruthless police officer Muthuvel Pandian must come face-to-face with an even larger threat.","Action, Comedy",,"Rajinikanth, S. J. Suryah, Suraj Venjaramoodu, Mithun Chakraborty, Ramya Krishnan",Nelson Dilipkumar,2026-10-15,0.0,0,8.8069,ta,/1XV6xdaaBdgVTcJfdla4yQrSlXq.jpg
1057265,Peddi,"In a village that doesn't officially exist, a laborer's unmatched athletic talent becomes his weapon to fight for his people's right to be recognized.","Action, Drama","sports, politics, cricket, 1980s, multi-sports","Ram Charan, Janhvi Kapoor, Shiva Rajkumar, Jagapati Babu, Divyendu Sharma",Buchi Babu Sana,2026-06-03,5.8,69,8.6952,te,/kJAJNNBYlbqAcpTDxBNnaILSMTy.jpg
1529372,Don't Be Shy!,"Quintessential Mean Girl, Shyamili ‘Shy’ Das, finds herself suddenly relegated to Loser-ville when Mayank, her boyfriend of three years, suddenly dumps her. But Shy, all set to get her revenge, finds herself falling into friendship and compassion with someone unexpected… Mayank’s new girlfriend - Tara.","Romance, Comedy",adoring,"Arushi Bajaj, Ansh Duggal, Bianca Arora, Piyush Khati, Kunaal Roy Kapur",Sreeti Mukerji,2026-09-25,7.0,1,8.4575,hi,/lBeDq7KmZaQNnnIXgExCAmfLMqT.jpg
1727563,Ohh My Dog,"In Assam, 14-year-old Apu embarks on a desperate quest to rescue his beloved dog, Momo, after he is kidnapped. Elsewhere, in Bihar, a devoted dog named Oscar sets out on a perilous journey to find his kidnapped owner, a 15-year-old child labourer. As their journeys unfold, it becomes clear that the two kidnappings may be connected to a larger, sinister plan.","Drama, Family",,"Maahi Rai, Pankaj Tripathi, Pavan Malhotra, Geeta Agrawal Sharma, Rajesh Kumar",Amit Rai,2026-08-07,9.0,1,8.357,hi,/3zVHaUphvyc3O5dDEkzJe9Faf3P.jpg
1367220,Karuppu,"In a world where justice falters, guardian deity Vettai Karuppu takes the guise of a lawyer to battle a corrupt legal system preying on the powerless.","Action, Fantasy","crooked lawyer, lawyer, taunting, political corruption, hindu god, supernatural drama, corrupt legal system, crime drama","Suriya, Trisha Krishnan, RJ Balaji, Indrans, Anagha Maya Ravi",RJ Balaji,2026-05-14,6.8,30,8.3294,ta,/4KZXlZ5tTT6ghbW77gS4hSLkCd7.jpg
1509599,Gatta Kusthi 2,"Picks up after the first film, with Veera and Keerthi balancing parenthood and Keerthi's wrestling career, featuring a role reversal where Veera takes on more domestic responsibilities.","Comedy, Drama","sequel, domestic life, professional wrestling, gender role reversal","Vishnu Vishal, Aishwarya Lekshmi, Zara Zyanna, Karunas, Munishkanth",Chella Ayyavu,2026-07-03,4.9,7,8.2943,ta,/5U8MWIk9XZ60NALyOTpyX7vXIR7.jpg
1303331,Dhamaal 4,"The Dhamaal boys are back for another treasure hunt, facing hilarious challenges in their quest for the Treasure of Life.",Comedy,"treasure hunt, slapstick comedy, quest, comedic misadventures, comedy sequel","Ajay Devgn, Arshad Warsi, Riteish Deshmukh, Javed Jaffrey, Sanjay Mishra",Indra Kumar,2026-07-10,4.3,13,8.0322,hi,/oVij5aEEE6iI4PxB4i0CgKp8h0m.jpg
1578079,Dorothy,"Set in a world shaped by caste, violence, and toxic masculinity, two childhood friends grow up inseparable in rural Tamil Nadu. Their lives are transformed by the arrival of Dorothy, a woman whose compassion quietly challenges the world around them.",Drama,"gender dysphoria, caste system, gender identity, transgender, patriarchal society, hypermasculinity, gender non conforming","Sananth, Rishikanth, Keerthy Suresh, Jeeva Subramanian, Ramachandran Durairaj",Karthik Subbaraj,2026-09-25,7.0,3,6.6895,ta,/o3r5DmWhOKdFmeIUoRJj4CvCqOP.jpg
1560208,Ramba Oorvasi Menaka,"A man spends 15 years attempting to use a magical book to summon the celestial angels Ramba, Urvasi, and Menaka to earth, but Lord Indra blocks their descent until they finally arrive.","Comedy, Drama",,"Allari Naresh, Surbhi, Naresh, Srinivasa Reddy, Vennela Kishore",Chandra Mohan Chintada,2026-09-04,0.0,0,6.9932,te,/tPkKq60dSC12I3ARollNuZsY4Jv.jpg
26022,My Name Is Khan,"Rizwan Khan, a Muslim from the Borivali section of Mumbai, has Asperger's syndrome. He marries a Hindu single mother, Mandira, in San Francisco. After 9/11, Rizwan is detained by authorities at LAX who treat him as a terrorist because of his condition and his race.","Drama, Romance","autism, mumbai (bombay), india, based on true story, prejudice, religion, disability, asperger's syndrome, asian american, hopeful","Shah Rukh Khan, Kajol, Arjan Aujla, Jimmy Shergill, Sonya Jehan",Karan Johar,2010-02-10,8.045,1507,6.9251,hi,/5Y36lCiNyyV71mjq6LavgiggbhT.jpg
297222,PK,"A stranger in the city asks questions no one has asked before. Known only by his initials, the man's innocent questions and childlike curiosity take him on a journey of love, laughter and letting go.","Comedy, Drama, Science Fiction","friendship, society, christianity, hinduism, islam, satire, alien, love, religion, sociology, belief in god, islamophobia, pakistan vs india, sikhism, jainism, religious satire","Aamir Khan, Anushka Sharma, Saurabh Shukla, Boman Irani, Sushant Singh Rajput",Rajkumar Hirani,2014-12-18,7.705,1217,7.6043,hi,/z2x2Y4tncefsIU7h82gmUM5vnBJ.jpg
1640649,Love Lottery,"When a young woman, Bharani Verma, is found dead under mysterious circumstances, the police quickly arrest Kartik Saxena, making him the prime suspect in a seemingly open-and-shut murder case. But as the courtroom battle begins, every testimony uncovers new questions instead of answers. Hidden relationships, conflicting statements, and buried secrets gradually transform a simple murder trial into a gripping mystery where nothing is as it appears. Beyond the suspense, the film also explores a thought-provoking question: Have marriage and legal battles become a silent punishment for some innocent men, or is the truth far more complex than it seems? With every hearing, the truth becomes more elusive, and just when the verdict seems certain, an unexpected twist changes the entire direction of the case. A taut courtroom suspense thriller that keeps the audience guessing until the very last moment.",Thriller,,"Akshay Oberoi, Heli Daruwala, Kabir Duhan Singh, Vijayant Kohli, Hemant Pandey",Arvind Pandey,2026-09-25,0.0,0,6.9258,hi,/v4OkeQDiO1OnGJxBfiYAaO89472.jpg
1522333,Carry On Jatta 4,A romantic deception spirals into household chaos when a family must construct an elaborate web of lies to conceal a secret relationship.,Comedy,,"Gippy Grewal, Binnu Dhillon, Jaswinder Bhalla, Karamjit Anmol, Sargun Mehta",Smeep Kang,2026-06-26,7.0,2,7.1398,pa,/bKa9qAg71Kkjz0tOT1gxSAX9Nfv.jpg
1576223,Rage,"Anbu, a taxi driver from Kannagi Nagar, meets Regina, a mute IT employee, during his regular trips and falls for her. When he learns about her troubled personal life, he suppresses his feelings. One night, Regina dies in what appears to be an accident—but soon, it’s revealed to be a planned murder. Shockingly, multiple unconnected people are involved. RAGE follows Anbu’s journey to uncover the truth behind Regina’s death and the tangled motives that led to it.",Thriller,,"Shan, Shirley Babithra, Saravanan, Munishkanth, Ramachandran Durairaj",Sivanesan,2026-09-18,0.0,0,6.5469,ta,/AkHcgW99FWcbJWKh7zmbxQaIDMf.jpg
1160018,KILL,"When an army commando finds out his true love is engaged against her will, he boards a New Dehli-bound train in a daring quest to derail the arranged marriage. But when a gang of knife-wielding thieves begin to terrorize innocent passengers on his train, the commando takes them on, one by one.","Action, Crime, Thriller","train, one man army, relationship, train robbery, aggressive, action hero, high octane","Lakshya, Raghav Juyal, Tanya Maniktala, Ashish Vidhyarthi, Abhishek Chauhan",Nikhil Nagesh Bhat,2024-07-03,7.166,543,7.8977,hi,/m2zXTuNPkywdYLyWlVyJZW2QOJH.jpg
1081422,Kunwari Dulhan,Kunwari Dulhan is a Hindi thriller starring Prem Leela and Reena.,"Thriller, Drama",,"Kaduvakulam Antony, Prem Leela, Reena",,1991-01-01,0.0,0,6.2429,hi,/uYNadPUxOtyaMetqz0zhOtueTz1.jpg
1428418,D56,,"Action, Drama","priest, rural life, rural india","Dhanush, Preity Mukhundhan, Vadivelu, S. J. Suryah, Vijay Kumar",Tamizharasan Pachamuthu,,0.0,0,5.8792,ta,
350312,Bāhubali 2: The Conclusion,"When Mahendra, the son of Bāhubali, learns about his heritage, he begins to look for answers. His story is juxtaposed with past events that unfolded in the Mahishmati Kingdom.","Action, Adventure, Fantasy","kingdom, bilingual","Prabhas, Rana Daggubati, Anushka Shetty, Sathyaraj, Nassar",S. S. Rajamouli,2017-04-27,7.499,889,5.6817,te,/21sC2assImQIYCEDA84Qh9d1RsK.jpg
1239134,Bhooth Bangla,"A man inherits a palace in rural Mangalpur and plans his sister's wedding there, but strange supernatural events and panicked locals force him to investigate the property's mysterious past.","Horror, Comedy","haunted house, black magic, based on myths, legends or folklore, supernatural horror, indian mythology, comedy horror, supernatural comedy","Akshay Kumar, Wamiqa Gabbi, Paresh Rawal, Tabu, Jisshu Sengupta",Priyadarshan,2026-04-16,5.553,66,6.2686,hi,/ArIS4vwUxdhm3j7tsTHmffdfU8W.jpg
1511417,Bāhubali: The Epic,"When a mysterious child is found by a tribal couple near a roaring waterfall, they raise him as their own. As he grows, Sivudu is drawn to the world beyond the cliffs, where he discovers the ancient kingdom of Mahishmati, ruled by a cruel tyrant, haunted by rebellion, and bound to his past. What begins as a quest for love soon unravels a legacy of betrayal, sacrifice, and a forgotten prince.","Action, Drama","affectation, flashback, revenge, alternate history, historical fiction, fratricide, ancient india, regicide, multi generational, absurd, hindu shiva, multiple timelines, remastered, epic film, director's cut","Prabhas, Rana Daggubati, Anushka Shetty, Ramya Krishnan, Sathyaraj",S. S. Rajamouli,2025-10-29,6.4,43,6.1234,te,/z9YIo2qscyaXYgRqIdRJtND3bw8.jpg
872906,Jawan,"An emotional journey of a prison warden, driven by a personal vendetta while keeping up to a promise made years ago, recruits inmates to commit outrageous crimes that shed light on corruption and injustice, in an attempt to get even with his past,  and that leads him to an unexpected reunion.","Action, Thriller","revenge, vigilantism, political, admiring","Shah Rukh Khan, Nayanthara, Vijay Sethupathi, Deepika Padukone, Sanjay Dutt",Atlee,2023-09-07,7.042,354,6.1541,hi,/jFt1gS4BGHlK8xt76Y81Alp4dbt.jpg
1542352,Youth,"Youth follows Praveen, a 15-year-old boy who enters adolescence determined to find true love before school ends. As he goes through multiple relationships and heartbreaks, he slowly begins to understand what love truly means. Along the way, the experiences shape his growth, maturity, and outlook on life.","Comedy, Romance, Drama",,"Ken Karunaas, Anishma Anilkumar, Suraj Venjaramoodu, Devadarshini, Meenakshi Dinesh",Ken Karunaas,2026-03-19,6.9,22,5.6138,ta,/odMKGyeC2rGuvr3Yy7S8txD0sFx.jpg
1515692,Baththa,"In 1986 Madras, a timid eight-year-old boy accidentally traps a feared gangster inside a deserted school toilet. As the gangster is forced to confront hunger, loneliness and his own vulnerability, an unlikely bond begins to grow between the two, changing their lives forever.","Thriller, Drama",,"Vijay Sethupathi, Lijomol Jose, Santhy Balachandran, Vishnu Govindan, Arjun Chidambaram",Balaji Tharaneetharan,2026-10-01,7.0,1,6.693,ta,/cWY636zXGECkRHbrqhQdFyP9n69.jpg
360814,Dangal,"Dangal is an extraordinary true story based on the life of Mahavir Singh and his two daughters, Geeta and Babita Phogat. The film traces the inspirational journey of a father who trains his daughters to become world class wrestlers.","Drama, Family, Comedy","small town, strong woman, sports, parent child relationship, empowerment, abusive father, feminism, wrestling, training, biography, autobiography, domestic abuse, fighting, womanhood, endurance, woman vs woman fight, female empowerment, determination, strength training, overcoming fears, father daughter relationship, cheerful, excited","Aamir Khan, Fatima Sana Shaikh, Sanya Malhotra, Zaira Wasim, Suhani Bhatnagar",Nitesh Tiwari,2016-12-21,7.865,1225,5.8545,hi,/cJRPOLEexI7qp2DKtFfCh7YaaUG.jpg
783,Gandhi,"In the early years of the 20th century, Mohandas K. Gandhi, a British-trained lawyer, forsakes all worldly possessions to take up the cause of Indian independence. Faced with armed resistance from the British government, Gandhi adopts a policy of 'passive resistance', endeavouring to win freedom for his people without resorting to bloodshed.","Drama, History","muslim, strike, prayer, freedom, independence, release from prison, demonstration, world war ii, imprisonment, colony, hunger strike, hindu, british army, political negotiations, conference, nonviolent resistance, apartheid, british empire, protest, independence movement, biography, idealism, based on true story, idealist, fighting the system","Ben Kingsley, Candice Bergen, Edward Fox, John Gielgud, Trevor Howard",Richard Attenborough,1982-12-01,7.558,2580,6.4743,en,/rOXftt7SluxskrFrvU7qFJa5zeN.jpg
1220538,Pooja Meri Jaan,"After Pooja rejects Aniket’s romantic advances, his subsequent death by suicide leaves her facing accusations. As lawyer and friend Sana investigates the circumstances surrounding the incident, questions of obsession, consent, responsibility and the truth behind Pooja’s relationship with Aniket begin to emerge.","Thriller, Crime, Romance",,"Mrunal Thakur, Huma Qureshi, Vikram Singh Chauhan, Vijay Raaz, Sunita Rajwar",Navjot Gulati,2026-10-02,0.0,0,5.9418,hi,/g6JmYwvEopRlHCV1NykM5NjSPrw.jpg
1403735,Laila,"Sonu Model, a renowned beautician from the old city, is forced to disguise himself as Laila, leading to a series of comedic, romantic, and action-packed events. Chaos ensues in this hilarious laugh riot","Comedy, Romance",,"Vishwak Sen, Akanksha Sharma, Babloo Prithiveeraj, Abhimanyu Singh, Vineet Kumar",Ram Narayan,2025-02-14,5.2,8,5.9245,te,/aFogllaRGlAhk1nqvVGFpZpl4qU.jpg
811941,Devara: Part 1,"A mighty warrior takes a stand against the criminal deeds of his village, while his mild-mannered son grows up to walk his own path.","Drama, Action","sea, ship, red sea, boat, revenge, fear, battle, unassuming, swords, ships, violence, boats","N.T. Rama Rao Jr., Saif Ali Khan, Prakash Raj, Srikanth, Kalaiyarasan",Koratala Siva,2024-09-26,6.8,225,5.9095,te,/lQfuaXjANoTsdx5iS0gCXlK9D2L.jpg
1088615,Anaagarigam,Story of a newly married professor who suffers his whole life for having an affair with his student.,"Drama, Romance",b-grade,"Vibhu Raman, Prajwal Poovaiah, Waheeda, Babilona, Rishikesh",Krishna Devan,2011-11-26,8.0,2,5.8627,ta,/jIgp8rJNMcISZfXmeIKjn0qf0Nr.jpg
949468,Ayiram Muthangal,"Murali and Shakthi are in love with each other. But unfortunately, his father disapproves of their relationship and he is forced to marry another woman.",Romance,,"Sivakumar, Radha, Jose, Charu Haasan, Y. G. Mahendran",Devaraj,1982-03-04,0.0,0,5.827,ta,
262414,Agathiyar,"In an adventurous journey of spreading goodness on earth and by contributing to Tamil literature, Sage Agathiyar faces challenges at various phases of his journey.",Drama,,"Gemini Ganesan, R. S. Manohar, R. Muthuraman, Lakshmi, Devika",A. P. Nagarajan,1972-01-14,9.0,1,5.7713,ta,
1774067,Gaandharvam,,Drama,,"Prem Nazir, Vincent, Adoor Bhasi, Bahadoor, Major Sundarrajan",B K Pottekkadu,1978-01-06,0.0,0,5.7458,ml,
1773981,Itho Enthan Deivam,"An old lady finds a newborn baby abandoned in a dustbin, so she decides to take care of him. The boy, Rajalingam, grows up into a kindhearted but the most wanted criminal.",Drama,,"K R Vijaya, R. Muthuraman, Major Sundarrajan, R. S. Manohar, V. K. Ramasamy",A. C. Tirulokchandar,1972-12-01,0.0,0,5.7228,ta,
781732,Animal,The hardened son of a powerful industrialist returns home after years abroad and vows to take bloody revenge on those threatening his father's life.,"Action, Crime, Drama","fistfight, shootout, held at gunpoint, machine gun, hand to hand combat, action hero, father son conflict, complex relationship","Ranbir Kapoor, Rashmika Mandanna, Anil Kapoor, Bobby Deol, Triptii Dimri",Sandeep Reddy Vanga,2023-12-01,6.1,211,5.6214,hi,/hr9rjR3J0xBBKmlJ4n3gHId9ccx.jpg
1446616,Tu Yaa Main,"A wannabe rapper from the outskirts of Mumbai and an affluent influencer elope to a coastal town, only to find themselves trapped in the pool of a derelict resort fighting for survival against the wrath of a ferocious crocodile.","Thriller, Romance","hip-hop, rapper, creature feature, based on movie, content creators, survival thriller, official adaptation","Adarsh Gourav, Shanaya Kapoor, Kshitee Jog, Parul Gulati, Ansh Chopra",Bejoy Nambiar,2026-02-11,6.419,62,5.5755,hi,/nUPnA0I1MTaZRVCsUQc5DS5JA8W.jpg
1774053,Jeevikkan Anuvadikku,,Drama,,"Prem Nazir, T. S. Muthaiah, Kottarakkara Sreedharan Nair, T. K. Balachandran, Adoor Bhasi",P. A. Thomas,1967-02-24,0.0,0,5.5135,ml,
1774080,Kumari Pennin Ullathile,"Devi Bala is an actress and is loved by a famous actor, Chandra Kumar and even more dearly by her manager Balu. However, Devi falls in love with a commoner, Sivaraj. Whom she chooses forms the story.",Drama,,"K. Bhagyaraj, Radhika Sarathkumar, Vijay Babu, L. Nalini",Ra. Sankaran,1980-11-06,0.0,0,5.5093,ta,
1225915,Jewel Thief - The Heist Begins,"In this high-octane battle of wits and wills, ingenious con artist Rehan devises a diamond heist while trying to outsmart Rajan, his sadistic adversary.","Action, Thriller",audacious,"Saif Ali Khan, Jaideep Ahlawat, Nikita Dutta, Kunal Kapoor, Kulbhushan Kharbanda",Robby Grewal,2025-04-24,6.6,96,5.5085,hi,/eujLbO0kf1eqWC8XpHUJdtAVW2J.jpg
1136736,Lust Stories 2,"Four eminent Indian directors explore sex, desire and love through short films in this sequel to 2018's Emmy-nominated 'Lust Stories'.","Romance, Drama","anthology, love, lust","Neena Gupta, Mrunal Thakur, Tamannaah Bhatia, Kajol, Angad Bedi",Konkona Sen Sharma,2023-06-29,5.6,62,5.4859,hi,/p5x729JI6wZs9hCqX7tc7oH87ih.jpg
304910,Akkarai Pachchai,,Drama,,"Jaishankar, Ravichandran, Lakshmi, Nagesh, Savitri",N. Venkatesh,1974-09-19,0.0,0,5.4845,ta,
1339876,Mardaani 3,"Officer Shivani Shivaji Roy returns to hunt down those behind the disappearance of young girls, risking everything to bring them back alive.","Action, Crime, Thriller",,"Rani Mukerji, Mallika Prasad, Janki Bodiwala, Jisshu Sengupta, Mikhail Yawalkar",Abhiraj Minawala,2026-01-30,7.6,44,5.4698,hi,/dHxLBtHw4InwsVumnthupZYz6NM.jpg
1776034,Eyes,A doctor husband wants to make his wife go blind by putting drops that would harm her eyes making her believe that it would improve her eyesight. The purpose is to marry his wife's sister.,Drama,,"Sivaji Ganesan, Pandari Bai, S. V. Sahasranamam, Mynavathi, V. K. Ramasamy",R. Krishnan,1953-11-05,0.0,0,5.4413,en,/AoHo9tVjZBhIcnBsFmtaa0rsoNN.jpg
1109086,War 2,"Years ago Agent Kabir went rogue, became India’s greatest villain ever.  As he descends further into the deepest shadows... India sends its deadliest, most lethal agent after him, Agent Vikram  A Special Units Officer who is more than Kabir’s equal and a relentless Terminator driven by his own demons, determined to put a bullet into Kabir’s skull.","Action, Thriller, Adventure",,"N.T. Rama Rao Jr., Hrithik Roshan, Kiara Advani, Ashutosh Rana, Anil Kapoor",Ayan Mukerji,2025-08-13,6.0,74,5.4342,hi,/2Yc8Kl2ldPpDzLrG2M5Ddv62FXB.jpg
1083637,Kantara - A Legend: Chapter 1,"During the Kadamba reign, King Vijayendra, the ruler of the fictional feudatory land of Bangra, meets his final fate while venturing into the mystical forest of Kantara. Witnessing this, his son Rajashekara seals the borders of their realm. Later, Prince Kulashekara reopens them through a brutal massacre. The protagonist, Berme, in search of prosperity, crosses the divide and ignites a conflict of faith, power, and destiny between the Kingdom and Nature.","Action, Drama, Fantasy",,"Rishab Shetty, Rukmini Vasanth, Jayaram, Gulshan Devaiah, Ramitha Shailendra",Rishab Shetty,2025-10-01,7.3,99,5.4256,kn,/ehQPboTPaIMkMUOoNOh8e7pZ5Rp.jpg
20364,Hulchul,"A man and woman from feuding families each pretend to fall in love, as part of a revenge plot. Chaos ensues when their fake romance becomes a reality.","Romance, Comedy",remake,"Akshaye Khanna, Kareena Kapoor Khan, Suniel Shetty, Paresh Rawal, Jackie Shroff",Priyadarshan,2004-11-26,6.6,77,5.4129,hi,/ve6YjkjNAbY2r2djFxrw6v9IXfy.jpg
1773972,Karuppu Panam,"Thanikachalam lives a dual life of a businessman and the leader of a gang that extorts money from rich people. However, he decides to confess the true motive behind his criminal acts.","Crime, Drama",,"T. S. Balaiah, K R Vijaya, K. Sarangapani, Sheela, K. Balaji",G. R. Nathan,1964-10-03,0.0,0,5.4073,ta,
1433117,Kara,"A thief tries to go straight, but when predatory banks trap his father in debt, he returns to crime — with a determined cop closing in on his trail.","Crime, Drama, Thriller, Action","gulf war, robin hood, heist, thief, bank heist, cotton farmer, farmers exploitation, money heist, helping people, farmers","Dhanush, Karunas, Jayaram, K. S. Ravikumar, Suraj Venjaramoodu",Vignesh Raja,2026-04-30,5.9,33,5.391,ta,/uIrFdMWlJFdc1jPBP9bxeaISCDj.jpg
256040,Bāhubali: The Beginning,"The young Shivudu is left as a foundling in a small village by his mother. By the time he’s grown up, it has become apparent that he possesses exceptional gifts. He meets the beautiful warrior princess Avanthika and learns that her queen has been held captive for the last 25 years. Shividu sets off to rescue her, discovering his own origins in the process.","Action, Drama","kingdom, medieval india, ancient india, bilingual","Prabhas, Rana Daggubati, Tamannaah Bhatia, Anushka Shetty, Ramya Krishnan",S. S. Rajamouli,2015-07-10,7.556,968,5.3877,te,/9BAjt8nSSms62uOVYn1t3C3dVto.jpg
1516102,Sri Sri,"He loved a girl with no past and gave her a future ....Now destiny returns to take her back , steeped in a forgotten life , buried memories and claims he cannot disprove, caught between destiny and love , she must decide what truly means","Romance, Drama",,"Dulquer Salmaan, Pooja Hegde, Dheekshith Shetty, Vinali Bhatnagar, Ramya Krishnan",Ravi Nelakuditi,2026-12-03,0.0,0,5.3765,te,/7AQb1cvO1PC2rFSNHIsKagXRNav.jpg
1774070,Kaalam Kaathu Ninnilla,,Drama,,"Prem Nazir, Raghavan, Vijayaraj, Sankaradi, Poojappura Ravi",A. B. Raj,1979-03-02,0.0,0,5.3551,ml,
718833,Bokshi,"Anahita, traumatised by the brutal disappearance of her mother, finds comfort in Shalini, her history teacher. On an unconventional school excursion to a mysterious prehistoric site, she confronts her terrifying destiny.","Horror, Drama","folk horror, independent film, fantasy","Prasanna Bisht, Mansi Multani, Swaroopa Ghosh, Rohit Tiwari, Sandeep Shridhar Dhabale",Bhargav Saikia,2026-10-09,0.0,0,5.3534,hi,/iHYu4aCDIjnt6aa5WmKZvmDPJvh.jpg
7508,Like Stars on Earth,"Ishaan Awasthi is an eight-year-old whose world is filled with wonders that no one else seems to appreciate. Colours, fish, dogs, and kites don't seem important to the adults, who are much more interested in things like homework, marks, and neatness. Ishaan cannot seem to get anything right in class; he is then sent to boarding school, where his life changes forever.",Drama,"jealousy, parent child relationship, boarding school, painter, father, dyslexia, teacher, little boy, india, childhood, teachers and students, hopeful, melodramatic","Darsheel Safary, Aamir Khan, Tisca Chopra, Vipin Sharma, Tanay Chheda",Aamir Khan,2007-12-20,7.989,1417,5.3415,hi,/puHRt6Raovm5ujGCdwLWvRv4NHU.jpg
263707,Kaanchi Thalaivan,,"History, Action, Drama",,"M. G. Ramachandran, Bhanumathi, S. S. Rajendran, M. R. Radha, S. A. Asokan",A. Kasilingam,1963-10-26,0.0,0,5.3172,ta,
38301,The Japanese Wife,"Snehmoy and Miyage are pen friends who exchange wedding vows through letters. Fifteen years pass but they never meet. Yet the bond of marriage is strong between them. This unusual relationship comes under a cloud when a young widow, Sandhya, comes to stay with Snehmoy along with her eight-year-old son Poltu. Snehmoy and the little boy bond and the arithmetic teacher discovers the joy of palpable bonds and fatherhood. There develops an inexplicable thread of understanding with Sandhya too. But Snehmoy remained loyal to his unseen Japanese wife.","Drama, Romance",woman director,"Rahul Bose, Chigusa Takaku, Raima Sen, Moushumi Chatterjee, Paran Banerjee",Aparna Sen,2010-04-09,6.6,23,5.2902,bn,/cf9VYWeZi009WX2X2ePPn5CwANB.jpg
720557,Tiger 3,Spy couple Tiger and Zoya face a ruthless enemy with a personal vendetta.,"Action, Adventure, Thriller",intense,"Salman Khan, Katrina Kaif, Emraan Hashmi, Simran, Revathi",Maneesh Sharma,2023-11-11,5.6,68,5.2894,hi,/7wgED7Yx9VLcNWSO91VgwicHmMD.jpg
1241634,Saiyaara,"Two artistic souls find harmony through music despite their contrasting worlds. As feelings deepen, age and circumstances challenge their undeniable bond.","Romance, Drama, Music","romantic, romance musical, young adult romance","Ahaan Panday, Aneet Padda, Alam Khan, Rajesh Kumar, Geeta Agrawal Sharma",Mohit Suri,2025-07-18,6.4,152,5.289,hi,/hQBIsi3ZfBYEayMc3GhcEmJVkss.jpg
1777049,Bravo Satyam!,"Satyam, who works at his uncle Dayanand's cancer research facility, falls in love with Dayanand's daughter Chaya, but her family has different plans for Chaya. Chaya's relatives set up a lab accident, and Satyam is turned invisible. Now Satyam must find a way to become visible again and win his love.",Science Fiction,"laboratory, invisibility, experimental drug, invisible man, science experiment","Krishna, Rajasree, Kaikala Satyanarayana, Vijayalalitha, Nagabhushanam",G. Viswanathan,1969-04-19,0.0,0,5.2698,te,
1250502,I'm Game,A fearless gambler who trusts luck more than life gets caught in a series of crazy and unexpected events that turn his world upside down.,"Action, Thriller, Drama","sports gambling, joyful, sports betting","Dulquer Salmaan, Kayadu Lohar, Antony Varghese, Mysskin, Kathir",Nahas Hidayath,2026-09-03,8.3,3,5.2599,ml,/h1ezPKcMYv5FHbHDuHcZfTbWTY5.jpg
1773968,Vaa Raja Vaa,"Raja is a young tourist guide who impresses everyone with his work ethic. A rich man adopts him subsequently. Later, he plans to get rid of him as he faces losses in his business due to Raja's entry.",Drama,children's films,"Master Prabhakar, Sumathi, Sirkazhi Govindarajan, V. S. Raghavan, K. D. Santhanam",A. P. Nagarajan,1969-12-06,0.0,0,5.2474,ta,
1773526,Vijayapuri Veeran,,"Adventure, Action, Drama",,"C L Anandan, M. Hemalatha, S. A. Asokan, Kamini, S. V. Ramadas",Joseph Thaliath Jr.,1960-02-12,0.0,0,5.2318,ta,
1774060,Balyakalasakhi,,Drama,,"Prem Nazir, Sheela, Kottarakkara Sreedharan Nair, Meena, Bahadoor",J Sasikumar,1967-04-14,0.0,0,5.2217,ml,
1320660,Pati Patni Aur Woh Do,"A seemingly perfect marriage in Prayagraj takes an unexpected turn when one decision leads to a chain of misunderstandings, suspicion, and comedic chaos.","Comedy, Drama, Romance",,"Ayushmann Khurrana, Wamiqa Gabbi, Rakul Preet Singh, Sara Ali Khan, Vijay Raaz",Mudassar Aziz,2026-05-15,6.0,20,5.1865,hi,/x0RUPvba4JlCCkyyEZGlQFIFVuF.jpg
1773988,Kochumon,"Annamma falls in love with a rich landlord and gives birth to George, but after he refuses to accept the child, she loses her sanity and abandons her son. George grows up, unaware of his parents.",Drama,,"Prem Nazir, Sheela, Thikkurissy Sukumaran Nair, T. S. Muthaiah, Adoor Pankajam",K Padmanabhan Nair,1965-10-08,0.0,0,5.1294,ml,
501190,"God, Sex and Truth","'God, Sex and Truth' delves into the world of sex where it digs out and projects the deepest dignity, divinity of the act and a women's true purpose of her sexuality.",Romance,"taunting, sexual exploration",Mia Malkova,Ram Gopal Varma,2018-01-27,5.7,29,5.1203,en,/vaqtTC12oX94ChZUljXRz4fw2ch.jpg
1451078,Raakaasa,"Returning home after a decade, an NRI chasing romance inadvertently awakens an ancient darkness long feared by his village. As the threat intensifies, love turns deadly and life hangs in the balance.","Fantasy, Comedy","human sacrifice, demon, ancestral curse","Sangeeth Shobhan, Nayan Sarika, Vennela Kishore, Getup Srinu, Brahmaji",Manasa Sharma,2026-04-03,6.2,19,5.1152,te,/sXwVJJMIPB4duU1mWbagt5ikUtq.jpg
1169537,Batwara 1947,"The story of an elderly Hindu woman who refuses to leave her ancestral home in Lahore, only to have a Muslim refugee family from Lucknow allotted to her house following the events of the 1947 Partition of India and Pakistan.","Action, Drama, War","period drama, lahore, independence day, war","Sunny Deol, Preity Zinta, Shabana Azmi, Ali Fazal, Karan Deol",Rajkumar Santoshi,2026-08-13,6.0,1,5.0937,hi,/n66Q78zJcx5lL5HGRZPUpHxcsG6.jpg
102632,Rowdy Rathore,"A small-time thug comes across a young girl who claims him to be her father, following which he realizes he has a lookalike who's being hunted by goons.","Action, Comedy, Crime","fight, cop, love, remake, thief, revenge, look-alike, goon","Akshay Kumar, Sonakshi Sinha, Nassar, Yashpal Sharma, Mushtaq Khan",Prabhu Deva,2012-06-01,5.963,123,5.0714,hi,/ytdp64MDSpONpm932nQcMTD95IF.jpg
962640,K.G.F: Chapter 3,,"Action, Drama, Thriller",action,"Yash, Srinidhi Shetty, Raveena Tandon, Achyuth Kumar",Prashanth Neel,,0.0,0,5.0433,kn,/ex2zyM6LVd31h9TlAi9RaR7QARK.jpg
261366,Sorgam,"Sankar is an ambitious man who wants to make it big through fair means. However, the friend he works under, Sampath, begins to use corrupt measures to make them rich.",Drama,,"Sivaji Ganesan, K R Vijaya, M. R. R. Vasu, Rajasree, K. Balaji",T. R. Ramanna,1970-10-20,6.0,1,5.0376,ta,/3y0BTgmoLLknHbBOUAuNdWF0ilq.jpg
1227241,Maa Inti Bangaram,"Through both her moments of fear and bravery, a woman discovers that embracing her vulnerabilities is as vital to her inner strength as facing challenges head-on.","Action, Thriller, Drama","amused, awestruck","Samantha Ruth Prabhu, Gulshan Devaiah, Diganth Manchale, Gautami Tadimalla, Anand",B. V. Nandini Reddy,2026-06-18,6.9,18,5.0268,te,/iSRIxnizjINdc7Dy68HQRkcPSR2.jpg
1569292,Monster,,"Action, Drama",,"Salman Khan, Nayanthara, Paresh Rawal, Rajpal Yadav, Arvind Swamy",Vamshi Paidipally,2027-03-05,0.0,0,5.0267,hi,
1735270,Premada Oorali,"Premada Oorali is a heartfelt love story set in picturesque villages in the 2020s. The film intertwines romance and family drama, exploring the relationships between a father and son, as well as a boy and girl, as they navigate through intriguing, yet relatable, relationship challenges.","Romance, Music, Family, Drama",,"Rangayana Raghu, Shri Mahadev, Thapaswini, Ramika Shivu, Ilaa Vitla",Manoj Kumar,2026-09-25,0.0,0,5.0239,kn,/d3tfAVRB9baqZqFnV6wPvqZnuzi.jpg
1163258,12th Fail,"Based on the true story of IPS officer Manoj Kumar Sharma, 12th Fail sheds limelight on fearlessly embracing the idea of restarting the academic journey despite the setbacks and challenges and reclaiming one's destiny at a place where millions of students attempt the world's toughest competitive exam: UPSC.",Drama,awestruck,"Vikrant Massey, Medha Shankr, Anant Joshi, Anshumaan Pushkar, Priyanshu Chatterjee",Vidhu Vinod Chopra,2023-08-11,7.922,274,5.0233,hi,/eebUPRI4Z5e1Z7Hev4JZAwMIFkX.jpg
1727033,BOMBAY STORIES,"Adapted from the short stories of Pakistani writer Saadat Hasan Manto, the film interweaves the lives of three sex workers and their pimps.",Drama,,"Monica Aggarwal, Bilal Ahamad Bhagat, Anupriya Goenka, Gargi Duggal, Mouni Roy",Rahhat Shah Kazmi,2026-09-28,0.0,0,5.0062,hi,/7SeNqtIi5lpVzs9GAcErgXqkmkU.jpg
66275,Thambikku Entha Ooru,"Seeing Balu's spendthrift and carefree attitude, his father sends him to his friend's house in a village to get reformed. Things get complicated when he gets entangled in a love triangle.","Romance, Comedy",,"Rajinikanth, Madhavi, Sulakshana, Senthamarai, V. S. Raghavan",Rajashekar,1984-04-20,7.0,6,4.9813,ta,/wNoMLQy2uRegvOK6rUWJfEmJ9vn.jpg
1682974,The India Story,A community confronts the devastating impact of pesticide contamination as industrial negligence threatens public health. The fight for accountability exposes systemic failures in regulatory oversight and corporate responsibility.,"Drama, Thriller","whistleblower, corporate negligence, environmental drama, pesticide contamination, legal fight","Kajal Aggarwal, Shreyas Talpade, Murali Sharma, Manish Wadhwa, Sham Mashalkar",Chettan D K,2026-07-24,0.0,0,4.9811,hi,/ocasYrRgkfKBdabKNPl8ttZuu7x.jpg
1776048,Illara Jothi,"Manohar is an under appreciated poet and playwright. He is married to Kaveri, a kind hearted personality who cannot match Manohar's intellect. During his travails he is found by Chitra, a connoisseur of fine arts and drama. She encourages Manohar to become a published author and refers him to her contacts. Manohar achieves dramatic success, money flows in to his life, his lifestyle changes and he spends a lot of time with Chitra neglecting Kaveri. After some struggles he realises Kaveri is ready to let go of him and sacrifice her love for him. He realises his selfishness in this drama and apologises to both Kaveri and Chitra, finally making up with Kaveri.","Drama, Family",,"Sivaji Ganesan, Padmini, K. A. Thangavelu, C. K. Saraswathi, K. K. Perumal",G. R. Rao,1954-04-09,0.0,0,4.9532,ta,/iQqDLD7aP0rhNNqyHOvKb6GZaeq.jpg
1392469,Cocktail 2,A vacation in Sicily forces longtime partners Diya and Kunal to question their love and commitment after they reunite with Diya's old friend Ally.,"Romance, Comedy","romantic, comforting","Kriti Sanon, Shahid Kapoor, Rashmika Mandanna, Tiku Talsania, Neelu Kohli",Homi Adajania,2026-06-19,5.6,36,4.936,hi,/oIQmtByV1LtEQSwM4EpdLTyoSlM.jpg
1408170,Lenin,"In a village trapped by generations of bloodshed, a determined young man dares to challenge the traditions fueling an endless cycle of violence.","Action, Drama, Romance",urban to rural transition,"Akhil Akkineni, Bhagyashri Borse, Sivaji Sontineni, Easwari Rao, Brahmaji",Murali Kishor Abburu,2026-07-10,6.2,6,4.9225,te,/rAHQviBq8Fxi20hNtHPGLnr4L0f.jpg
1496785,Aadarsha Kutumbam,A seemingly flawless family at House No. 47 unravels after an incident reveals hidden tensions.,"Family, Action, Comedy","family man, witty, wholesome","Venkatesh, Srinidhi Shetty, Nara Rohith, Nivetha Pethuraj, Yuvina Parthavi",Trivikram Srinivas,2026-10-09,0.0,0,4.9153,te,/4xyzmQj2SrocgWVlV1aCxeyCDsz.jpg
800301,What's Love Got to Do with It?,Two childhood friends now in their thirties must decide whether to follow their heads or their hearts once the man decides to follow his parents' advice and enter into an arranged marriage in Pakistan.,"Romance, Comedy",,"Lily James, Shazad Latif, Shabana Azmi, Emma Thompson, Sajal Ali",Shekhar Kapur,2023-01-26,6.096,251,4.8835,en,/uJJYCo87r6qtsaTRENatoYuE9pI.jpg
10757,Kabhi Khushi Kabhie Gham,"Years after his father disowns his adopted brother for marrying a woman of lower social standing, a young man goes on a mission to reunite his family.","Comedy, Drama","london, england, parent child relationship, adoption, delhi, india, forbidden love, reunion, class differences, family conflict, loving","Amitabh Bachchan, Shah Rukh Khan, Hrithik Roshan, Kajol, Jaya Bachchan",Karan Johar,2001-12-14,7.684,634,4.4522,hi,/eJrD94E1msYEa0DygvkvdEKpChm.jpg
329981,Shut In,"A widowed child psychologist lives in an isolated existence in rural New England. When caught in a deadly winter storm, she must find a way to rescue a young boy before he disappears forever.","Drama, Thriller","nightmare, isolation, winter, country house, deaf, bath, murder, stepson, psychologist, doctor, storm, drugs, missing child, winter storm","Naomi Watts, Charlie Heaton, Oliver Platt, David Cubitt, Jacob Tremblay",Farren Blackburn,2016-11-11,5.265,746,4.5428,en,/qXIGq6ddQhIYe4Z7A86nZ1qjUME.jpg
1628367,Kartavya,"With his family's safety at stake and menacing threats closing in, a police officer must decide how far he'll go to uphold his duty.","Crime, Drama, Thriller","detective, gritty, dark thriller","Saif Ali Khan, Rasika Dugal, Sanjay Mishra, Saurabh Dwivedi, Zakir Hussain",Pulkit,2026-05-15,7.0,34,4.7451,hi,/doTwMyAphlDL5Z8WqE3elWWvj8M.jpg
564147,K.G.F: Chapter 1,"A period drama set in the 1970s, KGF follows the story of a fierce rebel who rises against the brutal oppression in Kolar Gold Fields and becomes the symbol of hope to legions of downtrodden people.","Action, Thriller, Adventure, Crime","gold, undercover, gold mine, one man army, action hero, period film","Yash, Srinidhi Shetty, Ramachandra Raju, Archana Jois, Anant Nag",Prashanth Neel,2018-12-20,7.5,305,4.0132,kn,/ltHlJwvxKv7d0ooCiKSAvfwV9tX.jpg
1169516,Welcome To The Jungle,"A group of quirky characters gets stuck in a dangerous jungle during a chaotic mission. Filled with confusion, criminals, and hilarious situations, they must work together to survive and find their way out.","Action, Comedy, Adventure",,"Akshay Kumar, Suniel Shetty, Arshad Warsi, Jacqueline Fernandez, Disha Patani",Ahmed Khan,2026-06-25,5.1,40,4.418,hi,/1JlfUuvvX5xLP2LIDah4JhWUtTx.jpg
1157265,Dahaan,A malicious ancient spirit is unleashed in a haunted mansion. The girl's elder sister and younger brother team up with a pastor to find a way to end the curse which slowly consumes the girl who opened the box.,Horror,,"Barsha Patnaik, Aurosikha Mishra, Sijan Mahapatra, Partha Sarathi Ray, Nishant Majithia",Anupam Patnaik,2026-09-11,0.0,0,4.2275,or,/lajDAXof8GCO9RvnhtvQl9bgNlK.jpg
864692,Pathaan,"A soldier caught by enemies and presumed dead comes back to complete his mission, accompanied by old companions and foes.","Action, Adventure, Thriller","spy, fake death, spy thriller","Shah Rukh Khan, Deepika Padukone, John Abraham, Dimple Kapadia, Ashutosh Rana",Siddharth Anand,2023-01-25,6.4,276,4.1088,hi,/arf00BkwvXo0CFKbaD9OpqdE4Nu.jpg
1770836,Border Diaries,"Set in an industrial area on the Karnataka-Tamil Nadu border, the story explores the lives of people working there and focuses on emotional borders, love, morality, and survival.","Drama, Romance, Crime",,"Ashwitha Hegde, Anjan Nagendra, Gopalkrishna Deshpande, Sharath Lohitashwa, Veena Sundar",ASG,2026-10-23,0.0,0,4.4876,kn,/8yKOR3VBChqhEEhyhxfFjG0Fz6Y.jpg
801688,Kalki 2898-AD,"In the year 2898 AD, around 6000 years after Kurukshetra war, Ashwatthama gears up for his final battle of redemption at the sign of hope in a dystopian world and Bhairava, a wisecracking and self-interested bounty hunter, tired of the perilous life becomes the hurdle in the process.","Drama, Action, Fantasy, Science Fiction","rebellion, hero, temple, dystopia, villain, desert, religious statue, futuristic society, quest, imperialism, ancient temple, indian folklore, evil empire, fantasy, indian gods, mahabharat","Amitabh Bachchan, Prabhas, Deepika Padukone, Kamal Haasan, Saswata Chatterjee",Nag Ashwin,2024-06-26,6.4,199,4.2492,te,/rstcAnBeCkxNQjNp3YXrF6IP1tW.jpg
115348,Paranoia,"An entry-level employee at a powerful corporation finds himself occupying a corner office, but at a dangerous price—he must spy on his boss's old mentor to secure for him a multi-billion dollar advantage.","Drama, Thriller","based on novel or book, escape, spy, paranoia, bodyguard, deception","Liam Hemsworth, Harrison Ford, Gary Oldman, Amber Heard, Josh Holloway",Robert Luketic,2013-08-14,5.713,933,4.031,en,/isbiljuGztxLlcOvrSw5FkQDGEd.jpg
1576389,Gondhal,"Suman, the trapped wife in Maharashtra's Gondhal rituals, conspires with Gondhali Saheba to kill Anand's cousin. They carry out an escape that jeopardizes her soul amid drum-driven ritual and divine omens, blurring the distinction between salvation and damnation in a citywide verdict of fire, blood, and awe.",Thriller,,"Kishore Kadam, Ishita Deshmukh, Yogesh Sohoni, Nishad Bhoir, Anuj Prabhu",Santosh Davakhar,2025-11-14,3.0,1,4.2375,mr,/j8yda2b6RD7NMlbV7NaUAj6hr5G.jpg
1318304,Once More,"Raghu, a man caught up with a deep hold of grief comes across Anjali, who is spinning everything in her capacity to win him over. The love you gave away always comes back they say. In one way or other. Sometimes from a different human. This is a story of love coming back into the life of someone who doesn’t want to take it. A tale of second chances.. happy healing and bitter sweet closures.","Music, Romance, Comedy",,"Arjun Das, Aditi Shankar, Dravid Selvam, Sona Olickal, Anusha Prabhu",Vignesh Srikanth,2026-08-28,0.0,0,4.8097,ta,/ljk9oaU1AtLYZWULmNLtJdtAKzX.jpg
1088602,Shanthi Appuram Nithya,An erotic movie that depicts how innocent women fall for bad boys and how those men treat them without any courtesy.,"Drama, Romance",b-grade,"Maha Adithya, Archana Sharma",Murali Vishwa,2011-06-10,4.0,2,4.5793,ta,/okr8zGwzIuEKmCxWtyNXiirZrho.jpg
587412,K.G.F: Chapter 2,"The blood-soaked land of Kolar Gold Fields (KGF) has a new overlord now - Rocky, whose name strikes fear in the heart of his foes. His allies look up to Rocky as their Savior, the government sees him as a threat to law and order; enemies are clamoring for revenge and conspiring for his downfall. Bloodier battles and darker days await as Rocky continues on his quest for unchallenged supremacy.","Action, Thriller, Adventure, Crime","undercover, sequel, one man army, action hero","Yash, Sanjay Dutt, Raveena Tandon, Srinidhi Shetty, Archana Jois",Prashanth Neel,2022-04-14,7.446,230,4.5317,kn,/khNVygolU0TxLIDWff5tQlAhZ23.jpg
1022453,The Rajasaab,"Seeking his lost grandfather, a young man enters a haunted mansion and awakens a family curse powerful enough to upend both his life and reality.","Comedy, Horror, Fantasy, Action","haunted house, hypnosis, musical, romcom, ancient curse, grandfather grandson relationship, supernatural horror, mysterious disappearance, absurd, horror romance, romantic fantasy, ambiguous, cliché, self hypnosis, comedy horror, supernatural romance","Prabhas, Sanjay Dutt, Zarina Wahab, Nidhhi Agerwal, Malavika Mohanan",Maruthi Dasari,2026-01-08,5.0,34,4.4707,te,/nvK6gYa4diCnQkDVN42uoYXPrdT.jpg
14071,Dostana,"Two straight guys pretend to be a gay couple to secure a posh Miami apartment, but fall for their gorgeous roommate. Hilarity ensues as they strive to convince everyone of the ruse while secretly trying to win her heart.","Drama, Comedy, Romance","friendship, miami, florida, womanizer","Abhishek Bachchan, John Abraham, Priyanka Chopra Jonas, Kirron Kher, Boman Irani",Tarun Mansukhani,2008-11-13,6.155,174,4.4582,hi,/obwjlgNI2NFZupMuJBbKgH3IhQp.jpg
1465943,Mandaadi,"A fishing captain applies his maritime knowledge in a traditional boat race along Tamil Nadu's coast during a festival, leading a six-person team against other crews.","Action, Drama","sea, boat race, action, sea action","Soori, Suhas, Mahima Nambiar, Sathyaraj, Mithun Jai Sankar",Mathimaran Pugazhendhi,2026-09-10,8.0,2,4.4401,ta,/cDFW9BI1PSqrBWu8W0ZoeUQivEM.jpg
1475799,Haiwaan,"A retired judge faces difficulty keeping his daughter safe from a convict he imprisoned. Later, when he gets murdered, a man with visual impairment who was loyal to him tries to defend his daughter.","Crime, Thriller",,"Saif Ali Khan, Akshay Kumar, Boman Irani, Shriya Pilgaonkar, Saiyami Kher",Priyadarshan,2026-09-11,0.0,0,4.4386,hi,/ykXYDPPvoPhTaBeQ90OibCaCOWX.jpg
1118224,Maharaja,"A barber seeks vengeance after his home is burglarized, cryptically telling police his ""Lakshmi"" has been taken, leaving them uncertain if it's a person or object, jeer at his request until they learn what they're really looking for.","Action, Thriller, Mystery","grim, non linear, drama, action, crime, exhilarated, 因果报应","Vijay Sethupathi, Anurag Kashyap, Sachana Namidass, Natarajan Subramaniam, Abhirami",Nithilan Saminathan,2024-06-14,7.73,257,4.4301,ta,/s0m4TM1XRAftQStgKpw024RvkJo.jpg
1440735,Couple Friendly,"Couple Friendly follows the journey of a Telugu boy and girl who both reside in Chennai. Their paths cross under unique circumstances, and the story deals with the challenges they face in their careers and relationship. Set in a city where they don't speak their mother tongue, the film explores the emotional highs and lows of navigating life and love in an unfamiliar environment.","Romance, Drama",live in relationship,"Santosh Soban, Manasa Varanasi, Rajeev Kanakala, Goparaju Ramana, Sriranjini",Ashwin Chandrasekar,2026-02-13,7.2,8,4.3566,te,/kiKGBPQC6exxUbIrOMnDtuU4soC.jpg
1014214,Singham Again,The cop universe expands with newer additions while the old ones return led by Bajirao Singham. Singham Again interweaves the mythological epic Ramayana's good vs evil narrative when his wife Avni Kamath gets abducted by Danger Lanka setting Bajirao and his gang of Sangram Bhalerao and Veer Sooryavanshi along with Satya and Shakti Shetty on a mission to rescue her.,"Action, Drama, Thriller, Crime","singham 3, rohit shetthy universe","Ajay Devgn, Akshay Kumar, Ranveer Singh, Tiger Shroff, Kareena Kapoor Khan",Rohit Shetty,2024-11-01,5.0,45,4.3516,hi,/2JbNkHg8m7LaBy61LyrnnlenaxY.jpg
1628448,Maa Behen,"In this dark comedy, a woman calls her estranged daughters in the middle of the night with chilling news — there's a dead body in her kitchen.","Comedy, Thriller, Drama",,"Madhuri Dixit, Triptii Dimri, Dharna Durga, Ravi Kishan, Jatin Sarna",Suresh Triveni,2026-06-04,6.958,24,4.3272,hi,/rfooTavEjaWh6krAcPpHp1CPj7E.jpg
1220522,Dacoit,"Betrayed by his better half, a man is convicted for a crime he didn't commit. Once free, he hunts her down in pursuit of vengeance, as their stories intertwine with a series of robberies.","Action, Romance, Thriller","betrayal, false imprisonment","Adivi Sesh, Mrunal Thakur, Anurag Kashyap, Prakash Raj, Sunil Varma",Shaneil Deo,2026-04-10,7.0,9,4.2988,te,/lbrnJY7E0a9xxgj2cotNp6YI4dz.jpg
912378,Dridam,"A police officer arrives at a seemingly peaceful station but faces pressure when human remains are discovered. Given only a week to solve the murder, he must navigate demands from his department and an anxious public seeking swift justice.","Crime, Thriller",investigation,"Shane Nigam, Shobi Thilakan, Dinesh Prabhakar, Nandan Unni, Saniya Fathima",Martin Joseph,2026-05-08,5.5,12,4.2607,ml,/9JqWaizfeplMDEZGuJAZZUO4Xtp.jpg
1039067,Amar Colony,"Meera is beautiful, pregnant and in search of some spice in her life. Mohit is young, idle, and lives next door with Devki, his abusive mother. Meera has a boring and absent husband. But wait to see what the guy is hiding. Her aunty Dunga is old and hopes to become immortal, her other half has a secret in his shop nobody knows about, except his young grandchild who is smarter than it seems. They all live in a dilapidated building called Amar Colony.",Drama,"absurdist, amar colony, tallinn, special jury prize, debutant at iffk, indiefilm collective","Nimisha Nair, Sangeeta Agrawal, Usha Chauhan, Deepak Sharma, Aayush Srivastava",Siddharth Chauhan,2022-11-24,10.0,1,4.2604,hi,/e9gx4Se0ex9jtNQ905qlN2lKcYl.jpg
1668157,Muthana Muthallavo,"Muthu, a villager, loves Lakshmi but she falls in love with his educated brother, Kannan. Kannan is forced to eke out a living in the big city after he loses money gambling, but is soon estranged from Lakshmi by her plotting sister Leela. Does Lakshmi unite with Kannan?",Drama,,"R. Muthuraman, Sujatha, Jai Ganesh, Thengai Srinivasan, Senthamarai",R. Vittal,1976-08-02,10.0,1,4.2586,ta,
1654581,Nayyi Navelli,"A new bride's arrival turns a turbulent household in Meerut into a picture of domestic harmony, until her brother-in-law grows convinced that his seemingly perfect sister-in-law is secretly a witch.","Adventure, Fantasy, Comedy, Drama",,"Yami Gautam Dhar, Anurag Thakur, Adinath Kothare, Sushmita Mukherjee, Prateek Pachori",Balaji Mohan,2026-10-16,0.0,0,4.2034,hi,/aZEKuzGt7ObqoKjTM4kcMd0klYy.jpg
311637,Kithakithalu,"Relangi Rajababu is such a 'nice guy' that he files a case against a girl who attempted to rape him, and did not succumb to her, because he wished to remain 'pure' for the woman he marries. After landing a job as an SI, his parents force him to get married because his dowry will be useful for his sister's wedding. No girl wants to marry him now, because they wonder if he is man enough since he rejected a girl like her. He ends up marrying a rich, plump girl Soundarya after his parents and family threaten to commit suicide if he doesn't accept the proposal. Now this 'nice guy' suddenly turns to other women and wants to divorce his fat wife. His attempts to make her grant him a divorce and whether he turns over a new leaf is the rest of the story.","Comedy, Drama",,"Allari Naresh, Geetha Singh, Krishna Bhagavan, Madhu Shalini, Giri Babu",E.V.V. Satyanarayana,2006-05-05,7.8,4,4.2007,te,
1442396,Nagabandham: The Secret Treasure,"A chosen warrior protects a mystical, serpent-bound Himalayan temple from those seeking to steal the power of the Brahma Kamalam, a divine relic.","Drama, Fantasy, Action",,"Virat Karrna, Nabha Natesh, Daksha Nagarkar, Anasuya Bharadwaj, Mahesh Manjrekar",Abhishek Nama,2026-07-02,4.5,4,4.1485,te,/fsiQ0twZbmbLo0F2CDUt44riRxL.jpg
1484913,Ikka,"With a loved one's life at stake, a celebrated lawyer must defend a man he suspects is guilty — battling his conscience every step of the way.","Drama, Thriller","courtroom, psychological, suspenseful","Sunny Deol, Akshaye Khanna, Tillotama Shome, Dia Mirza, Sanjeeda Sheikh",Siddharth P. Malhotra,2026-07-10,5.7,21,4.1327,hi,/fp5EAKE8nTx402n1fWz55QsuYY9.jpg
1776080,Kaveri,"A story of two rival kings, (R. Balasubramaniam, T.E. Krishnamachari); Sivaji Ganesan is the son of the latter. Krishnamachari is under the influence of an ambitious spiritual guru (Nambiar) who manipulates the king for his own ends. The prince works hard to prevent him from achieving his designs. He moves around the kingdom incognito fighting for people's rights. During this time he meets and falls in love with a dancer (Padmini). The rival king's daughter Lalitha is also in love with him. The wily advisor (Veerappa) of the other king tries to work out things in his favor and marry the dancer. After many twists and turns, the villains are exposed and the princess sacrifices her love in favor of the dancer.","History, Drama",,"Sivaji Ganesan, Padmini, N. S. Krishnan, M. N. Nambiar, P. S. Veerappa",D. Yoganand,1955-01-12,0.0,0,4.1474,ta,/tytQlADALdPP6L7ICuiPlroTOtn.jpg
96826,Ben 10: Destroy All Aliens,"Based on the original animated series Ben 10.  Ben becomes targeted by an evil Mechamorph Warrior, named ""Retaliator,"" who mistakenly blames Ben for something he did not do and attempts to destroy all aliens.","Animation, Science Fiction, Family, Action, TV Movie","extraterrestrial technology, superhero, transformation, cartoon, alien, based on cartoon, alien race, based on tv series","Tara Strong, Meagan Moore, Paul Eiding, Dee Bradley Baker, Steve Blum",Victor Cook,2012-03-11,6.7,121,4.0931,en,/fE9MXUsbNzG14e6rHcOTNVJi2r0.jpg
1734465,Premakke Sai,No description,,,"V. Ravichandran, Shaheen Khan, Prakash Raj, Srinath, Kasturi Shankar",A. Kodandarami Reddy,2001-10-05,0.0,0,3.6222,kn,
869227,Super Sharanya,"Sharanya, an ordinary small-town girl from Palakkad, who moves to Thrissur for higher studies, finds herself changing as she meets Deepu.","Comedy, Romance",coming of age,"Anaswara Rajan, Mamitha Baiju, Arjun Ashokan, Antony Varghese, Sajin Cherukayil",Girish A. D.,2022-01-07,6.6,25,4.0382,ml,/qnof5rUTGAGkVUg7UhlR3uu7zzP.jpg
1261763,Don't Trouble the Trouble,"Suri, a magician, accidentally makes a young girl vanish with a spell. The girl, revealed to be a genie who grants wishes, explores the city and unleashes her powers when angered.","Fantasy, Drama, Action","genie, magician, spells","Fahadh Faasil, Ssara Palekar, Saurabh Sachdeva, Venkatesh Kakumanu",Shashank Yeleti,2026-10-02,0.0,0,4.0079,te,/A0uqqpeLhGfOsW6muky7xvLd8Qf.jpg
1637705,#Cult,"A group of young boys head to a party expecting a night of fun, but soon discover the reality is far darker than they imagined. What starts as excitement spirals into terror, pushing them into a brutal fight for survival.","Horror, Action, Thriller","revenge, slasher, drugs, slasher thriller","Vishwak Sen, Gayatri Bhardwaj, Tarak Ponnappa, Murali Sharma, Srikanth Iyengar",Vishwak Sen,2026-10-30,0.0,0,4.0047,te,/8jPyjKZE2Bnm3esvDmWZyGA8mkr.jpg
307608,King and Queen,"An impoverished woman named Rani (Padmini) escapes from her abusive and predatory drama company owner, Babu (S.S. Rajendran), after being robbed and finding herself unconscious in the car of wealthy stage actor Raja (Sivaji Ganesan). Mistaken by Raja for a rich runaway named Leela, Rani plays along and joins his new theater troupe, leading the two to fall in love. However, the vengeful Babu attempts to sabotage their romance by poisoning Raja during a live stage enactment of Socrates, setting up a dramatic climax where the lovers must overcome this deadly plot to finally unite",Romance,,"Sivaji Ganesan, Padmini, S. S. Rajendran, N. S. Krishnan, K. Duraisami",A. Bhimsingh,1956-02-25,9.0,1,4.0041,ta,/9EA6rfEvCjWecorvhP889MVZ058.jpg
1475803,Governor,"Set against Indias 1990 economic crisis, Governor follows Raman, a reluctant bureaucrat unexpectedly appointed as the Governor of the RBI when the nation stands on the brink of bankruptcy. As inflation rises, fuel runs low, and panic spreads, Raman must navigate political pressure and a collapsing system to prevent the country from falling apart.","Drama, Thriller",,"Manoj Bajpayee, Noushad Mohamed Kunju, Adah Sharma, Madhoo, John Forbes",Chinmay Mandlekar,2026-06-12,5.6,6,4.0023,hi,/Anukm4NH6MM025vUQ9ykpWQXnFn.jpg
1443958,Emo Emo Idi,,"Romance, Drama",,"Roshan Meka, Preity Mukhundhan, Yukti Thareja, Devadarshini",Sailesh Kolanu,2026-10-30,0.0,0,3.981,te,/3mZW9VnMvKR0BhprrTfzRPSIou1.jpg
1336770,Vaazha II,"Four friends – Hashir, Alan, Ajin and Vinayak – are considered losers and troublemakers by parents, family and the school management. They face immense social pressure as they reach adulthood, embarking them on an emotional journey of self discovery and acceptance, where they finally learn to take up their responsibilities and find success.","Comedy, Drama",,"Hashir, Alan Bin Siraj, Ajin Joy, Vinayak V, Alphonse Puthren",Savin Sa,2026-04-02,7.6,22,4.0386,ml,/1yLZ7kExd0UGGbaZW4LxmYD4OIf.jpg
1554131,Boss 2,,"Action, Comedy, Romance",,"Ahaan Panday, Sharvari, Aaishvary Thackeray, Bobby Deol, Jimmy Shergill",Ali Abbas Zafar,2027-03-26,0.0,0,3.556,hi,
1634301,Vanaveera,A descendant of the Vanara clan is pushed into conflict when a modern-day Ravana seizes his only bike for an election rally. What starts as a petty injustice soon erupts into a fierce fight for self-respect and dignity.,"Action, Drama",,"Chammak Chandra, Simran Choudhary, Nandu Vijay Krishna",,2026-02-13,7.5,6,3.6332,te,/oBYExKI8E3bTzQjPkofhpV2EJon.jpg
1711229,MissMatch,"MissMatch is a Kannada language cinema made in India. It is a family entertainer.  In the lush small-town heart of Malnad, Akash refuses to trade his roots for a life in Bengaluru, determined to build  something of his own on his land.  Meghana, on the other hand, dreams of breaking free from her hometown, chasing independence in the city while  searching for her ideal partner.  When fate brings these two opposites together, what begins as innocent love soon turns into a clash of choices,  ambitions, and ego. When we feel everything is over, families step in, turning everything upside down. What follows is a whirlwind of misunderstandings, chaos, and hilarious drama, unfolding through a heartwarming family entertaining journey.","Family, Drama, Romance, Music",,"Koushik Gowda, Ashwitha Hegde",Sai Shrinidhi,,0.0,0,4.0694,kn,/8MOMAEziwdrH1bXlFG7N0RHMHGP.jpg
61202,Zindagi Na Milegi Dobara,"Three friends who were inseparable in childhood decide to go on a three-week-long bachelor road trip to Spain, in order to re-establish their bond and explore thrilling adventures, before one of them gets married. What will they learn of themselves and each other during the adventure?","Drama, Comedy, Romance","school friend, friendship, cheating, painter, poet, vacation, travel, scuba diving, misunderstanding, lyricist, childhood friends, road movie, flirting, female domination, scuba diver, father son conflict, sky diving, lyrical","Hrithik Roshan, Abhay Deol, Farhan Akhtar, Katrina Kaif, Kalki Koechlin",Zoya Akhtar,2011-07-15,7.6,439,3.6654,hi,/hKO9O715wYxjkQSEv47giCYcyO8.jpg
531025,Gopi – Goda Meeda Pilli,"Gopi's parents desperately want him to get married. When Laxmi comes into his life, he falls in love with her. Later, things change after Gopi travels to Bangalore and meets Priya",Comedy,,"Allari Naresh, Jagapati Babu, Gowri Munjal, Aarti Chabria, Vadde Naveen",Janardhan Maharshi,2006-11-16,3.5,2,3.8227,te,/uvErnhWETHA8YFOtdC1od8IYGmG.jpg
1774540,MANJAR,"A youthful Marathi family entertainer about friendship, love, family relationships and the unpredictable situations of everyday life, seen through the amusing perspective of an observant cat.","Comedy, Drama, Adventure",,"Siddharth Menon, Onkar Bhojane, Tejas Raut, Bhagyashree Limaye, Sayaji Shinde",Susshil Mahadev,2026-09-18,0.0,0,4.089,mr,/wlUkHJsiYHxEvnMDgjy28kt3EEr.jpg
1510769,29,"A quirky 29-year-old named Sathya embarks on an unexpected journey of laughter, unlikely friendships, and self-discovery. Through hilarious misadventures and chance encounters, he slowly sees life's bigger picture - its surprises, joys, and second chances.","Romance, Comedy, Drama","thoughtful, introspective, comforting","Vidhu, Preethi Asrani, Mahendran, Sindhu Shyam, Avinash Raghudevan",Rathna Kumar,2026-05-08,6.9,8,3.9485,ta,/aQZ4OxzaYTN7cRN7fALi9BhPucp.jpg
1153399,Coolie,"Deva, once living a quiet life, is shaken when his close friend dies under suspicious circumstances. Determined to uncover the truth, he infiltrates a powerful gang operating in the shadows. As he investigates, Deva becomes entangled in a dangerous web of crime, betrayal, and secrets from his own past, forcing him to confront powerful enemies while protecting the ones he loves.","Action, Thriller, Crime","criminal underworld, hidden past","Rajinikanth, Nagarjuna Akkineni, Soubin Shahir, Upendra, Shruti Haasan",Lokesh Kanagaraj,2025-08-13,6.2,95,3.7384,ta,/kr36awqmziEI5mfUElsHB0pj9zP.jpg
530154,Lust Stories,An anthology of four stories that sheds light on modern relationships from the viewpoint of the Indian woman.,"Romance, Drama",anthology,"Kiara Advani, Radhika Apte, Akash Thosar, Randeep Jha, Bhumi Pednekar",Anurag Kashyap,2018-06-15,6.3,146,3.5913,hi,/mP5HehSpCaRGd6ej66jxkhdl60B.jpg
84092,Ramayana : The Legend of Prince Rama,"In Ayodhya, the royal palace of Kosala Kingdom in Ancient India, four princes were born to three queens, each of whom grew to great stature. Banished for 14 years due to court intrigue, Prince Rama retreated to the forest with his beautiful wife Sita. When Rama vanquishes the demons of the forest, he invites the wrath of the demon king Ravana, who kidnaps Sita. Based on the Indian epic the Ramayana.","Animation, Action, Adventure, Fantasy","based on novel or book, mythology, hinduism, hindu mythology, anime, historical epic, asian culture, indian culture","Nikhil Kapoor, Raell Padamsee, Uday Mathan, Mishal Verma, Noel Godin",Ram Mohan,1997-11-03,8.2,60,3.6959,en,/yqcdzIgsYdaIY2CNtDyWshuLdq0.jpg
1770566,Naag Mani,"The narrative follows Princess Sukanya, the daughter of King Sharyati, who crosses paths with Chyavan, a young ascetic (tapasvi) with a vow to right a wrong done to the Ashvini Kumars by Indra. Due to the twists of destiny, Sukanya accidentally blinds and causes Chyavan to age into infirmity, marrying him in his broken state. Refusing to let destiny break their spirits, Sukanya rises as a devoted wife to fulfill her husband's mission, restore his youth and eyesight, and bring the three worlds—Akash, Prithvi, and Patal—to their door.","Adventure, Fantasy",,"Nirupa Roy, Manher Desai, Trilok Kapoor, Helen, P. Kailash",Raman B. Desai,1957-01-01,0.0,0,3.2708,hi,/6utizimccmWFqxr6AxOwgfFgEVR.jpg
115053,Allare Allari,,Comedy,,"Allari Naresh, Venu Thottempudi, Parvati Melton, Mallika Kapoor, Telangana Shakuntala",Muppalaneni Shiva,2007-08-10,0.0,0,3.7266,te,/e6HKYhuUMenpq4tppIV0qgoXkda.jpg
857598,Pushpa 2 - The Rule,"As his smuggling empire grows, a brazen Pushpa longs for power and respect on his vengeful journey, while facing old rivals and new.","Action, Drama, Thriller, Crime","sequel, ego clash","Allu Arjun, Rashmika Mandanna, Fahadh Faasil, Jagadeesh Bandari, Rao Ramesh",Sukumar,2024-12-04,6.2,164,3.8897,te,/1T21FblunT0y8fz7YaW8JMYgUKm.jpg
1631303,Duty,"An honest police officer gets in the bad books of corrupt businessman, Seth Dharamraj, setting off a war between the two.",Action,,"Govinda, Anuradha Patel, Tiku Talsania, Rakesh Bedi",Ravikant Nagaich,1986-09-19,9.0,1,3.3664,hi,
158653,Athey Kangal,"After four brothers get killed in succession, Vimalanathan and his niece, Susila, are the sole survivors. So, Bhaskar, Susila's lover, tries to find the stalker who is hunting his lover's family.","Comedy, Mystery, Thriller",,"Ravichandran, Kanchana, S. A. Asokan, Nagesh, S. V. Ramadas",A. C. Tirulokchandar,1967-05-26,7.0,4,4.1879,ta,/19tvkXTx6VBcqkR3UjV5ZKarJwR.jpg
1513640,Power House,,"Action, Thriller, Drama",,"Vikram, Riya Shibu, Shammi Thilakan, Urvashi, Samyuktha Hegde",Anand Shankar,,0.0,0,4.0853,ta,/7hW8NAKFoDj7aJ7qQ9nX2yE6RKC.jpg
1773611,Morchha,"The 1980 film Morchha follows a revenge-driven action narrative centering on Chhotu, a young boy who survives a brutal attack by the criminal mastermind Ram Mohan after his honest father refuses a corrupt deal. Traumatized by witnessing his family's murder, Chhotu masters martial arts and forms a strategic front to infiltrate and dismantle Ram Mohan's criminal network.","Action, Adventure, Drama, Music",,"Ravi Behl, Aruna Irani, Prem Bedi, Vijayabhanu, Jagdeep",Ravikant Nagaich,1980-05-16,0.0,0,3.6265,hi,/drOSigqai4WSLiBhLVDqcgoiYcu.jpg
1770824,Varaprasadham,"An innocent Thilak is implicated in his friend Ravi's murder case. However, his father decides to take matters into his own hands and save his son using a carefully devised plan.",Drama,,"Ravichandran, Jayachitra, Vijayakumar, Major Sundarrajan, S. A. Asokan",,1976-04-13,0.0,0,3.8632,ta,
321812,Manasukkul Mathappu,"A man is shattered and loses his sanity after the woman he loves dies. In the mental asylum, his doctor falls in love with him but her father is against their union.",Drama,remake,"Prabhu, Saranya Ponvannan, Lissy, Sarath Babu, Senthamarai",Robert Asirvatham,1988-06-24,7.0,1,3.6753,ta,
409398,Kismath,"Irfan, a young Muslim boy, falls in love with a Hindu girl, Anita who is much older than him. However, when their families oppose their relationship, the duo seeks help from the police.","Romance, Drama","muslim, hindu, ponnani","Shane Nigam, Shruthy Menon, Vinay Forrt, Alencier Ley Lopez, P Balachandran",Shanavas K Bavakkutty,2016-07-29,7.5,8,3.2456,ml,/47qFy6upNIvVNtmC7IZjHS8Jiy0.jpg
