id,title,overview,genres,keywords,cast,creator,first_air_date,rating,vote_count,popularity,language,number_of_seasons,number_of_episodes,poster_path
15226,C.I.D.,"A team of dedicated men and women in the Crime Investigation Department will risk everything to solve Mumbai's toughest, most complicated crimes.","Action & Adventure, Crime, Drama, Mystery","detective, investigation, murder, justice","Shivaji Satham, Aditya Srivastava, Dayanand Shetty, Narendra Gupta, Parul Rai",Brijendra Pal Singh,1998-01-21,5.7,31,297.791,hi,2,1651,/3UymnlLfLMKxG8OcFhSnAlnhQfZ.jpg
288024,Pherari Mon,Gender bias and betrayal force Tulsi to infiltrate Agni's life. Will she win her battle?,Drama,romance,"Sudipta Roy, Bipul Patra, Bidipta Chakraborty, Arindam Ganguly",,2022-11-07,0.0,0,172.1676,bn,1,732,/wdft7FxBdrIMAmPsobNInZ5mYoQ.jpg
277494,Aggabai Sunbai,"In this spin-off of the popular show Aggabai Sasubai, a homely Asawari has evolved to become the director of a renowned chain of restaurants, while her irresponsible son seems to have matured too.","Drama, Soap",,"Uma Pendharkar, Nivedita Joshi Saraf, Girish Oak, Adwait Dadarkar, Mohan Joshi",,2021-03-15,0.0,0,142.6126,mr,1,136,/tiG5mD0VisU8GSQhIRwss6F55S4.jpg
280926,Boron,"Righteous Tithi has to endure the harsh consequences of spoilt brat Rudrik's actions. but when two souls at war get untied in martrimony, will they find love?","Drama, Family, Comedy",romance,"Indrani Paul, Sushmit Mukherjee, Priya Mondal, Kushal Chakraborty",,2021-04-05,0.0,0,117.8816,bn,1,347,/qsh0JuM4CmjrmQQMIFDUtqqholJ.jpg
66465,The Kapil Sharma Show,"Kapil Sharma is back with his gang - Bindu, Chandan and 'mohalle ki dhoban' Gudiya. In tow is a new character, Maski, along with Goli, Roopmati and more! Enjoy guaranteed laughter with Kapil and his antics as different celebrities join in.","Comedy, Talk",sketch comedy,"Kapil Sharma, Archana Puran Singh, Krishna Abhishek, Kiku Sharda, Sumona Chakravarti",,2016-04-23,7.0,40,114.0638,hi,2,474,/fBPNBNFmcwhYXUpkW2Kb6jbeJOR.jpg
288027,Sohag Chand,"Love conquers all: a curvy girl, a fit guy, pure fun.",Drama,,"Anwesha Mukhopadhyay, Abhishek Veer Sharma, Rohit Mukherjee, Tanuka Chatterjee, Poushmita Goswami",,2022-11-28,0.0,0,100.0496,bn,1,711,/jIl5E51O3oztmuyNZtXkbPSyKws.jpg
276074,Paaru,"Paaru, a simple girl, is in awe of Ahilya Devi, a tycoon who commands respect from others around her. A misunderstanding occurs when their paths cross, prompting Paaru to win Ahilya Devi over.",Drama,,"Sharayu Sonawane, Prasad Jawade, Mugdha Karnik, Vijay Patwardhan, Sanjana Kale",,2024-02-12,0.0,0,99.7608,mr,1,681,/A48YbAePyJxrxCXwBeijhyX68jU.jpg
318490,Kavyanjali,,"Drama, Soap",,"Vidyashree Jayaram, Akshata Deshpande, Darshak Gowda, Pavan Ravindra",,2020-08-03,0.0,0,87.0798,kn,1,461,/dLjqBkwQw1qMTh2gv1jH5E02VdY.jpg
82991,Bharaghar,"The Tele-serial BHARAGHAR revolves around a family and their various tenants. Based on the relationships between the house owner’s family and the families of the various tenants, the plot of BHARAGHAR is mainly comic and also encompasses the lives of a few neighbours. The different plots are actually a broader reflection of the urban Assamese society. Crisp dialogues and stand-out performances by the cast of the tele-serial has made it one of the most-watched TV serial in the history of Assamese television. Every episode is conceived with a view to providing viewers wholesome entertainment.","Family, Drama, Comedy",sitcom,"Sagarika Goswami, Jayanta Das, Debashish Borthakur, Tehsin Akhtar",,2012-11-26,8.0,1,77.4337,as,3,1446,/heR3ac5EBZL3QPwrFFNEUEt8F8U.jpg
317270,Minnale,,"Drama, Soap",,"Preethi Asrani, Shiv Sathish, Nirosha, Nithya",Radhika Sarathkumar,2018-08-06,0.0,0,71.6041,ta,1,488,/wACr0ARXdPXZeakkw2ecg4PrDId.jpg
97072,Charmsukh,"Charmsukh is an erotic, drama web-series streamed on ULLU network with each episode having unique storyline.",Drama,web series,,YKO,2019-11-22,7.0,3,64.2033,hi,1,56,/6Kt9zIsrtqs1x1XyNFxOeEjlkKB.jpg
65682,Sister-in-Law Is at Home!,"""Bhabiji Ghar Par Hain!"" is a popular Hindi sitcom that premiered in 2015 on And TV and is available on ZEE5. Produced by Binaifer Kohli, the show follows two neighboring couples—the Mishras and the Tiwaris. The husbands, Vibhuti Narayan Mishra and Manmohan Tiwari are dissatisfied in their marriages and secretly admire each other's wives. Manmohan, a successful undergarment businessman, is married to Angoori, a simple and naive housewife. Vibhuti, an unemployed former insurance agent, is married to Anita, a confident and modern woman who runs grooming classes. Their constant scheming to impress each other's wives leads to comedic conflicts and chaotic situations, mostly taking place in their homes. The show, inspired by the 1990s sitcom Shrimaan Shrimati, has been well received by both critics and audiences for its humor and engaging storyline.","Comedy, Drama, Family, Soap","neighbor, husband, sitcom, bhabiji","Aasif Sheikh, Rohitashv Gour, Shilpa Shinde, Saumya Tandon, Shubhangi Atre Poorey",Binaiferr S. Kohli,2015-03-02,5.6,8,64.0807,hi,3,2750,/2lkV7WWu1QbXV3PYqqslgGZMLNq.jpg
240293,Jhanak,A driven young woman embarks on a journey to fulfill a mother's promise for a better life as she overcomes challenges and loss while crossing paths with a man who further complicates her life.,Drama,"romance, tragedy","Krushal Ahuja, Hiba Nawab, Chandni Sharma, Rishi Kaushik",Leena Gangopadhyay,2023-11-20,8.0,7,62.8902,hi,2,924,/lutE1Fi1L4BlH8qwn0XBWB8MBJl.jpg
277628,Swarna Palace,"Kundana vows revenge on the Kanakamedala family for unfairly usurping the ‘Samanthakamani Haaram, an exquisite piece of jewellery crafted by Kundanas father.",Drama,,,,2021-07-26,0.0,0,60.8243,te,1,72,
276612,Ninaithen Vandhai,"Ezhil is devastated after his wife Indhumathi’s death. A simple village girl, Sudarvizhi, steps in to be his children's caretaker. But can Sudarvizhi fill the void in Ezhil and his children’s hearts?",Drama,supernatural,"Ganesh Venkatraman, Keerthana Podhuval, Jasmin Rath, Yukta Sharma, Anjali Rao",,2024-01-22,0.0,0,59.9657,ta,1,285,/csdQGYq7zZ6Tt3BwIE3dfT3QcHr.jpg
40382,Diya Aur Baati Hum,"Diya Aur Baati Hum is an Indian television soap opera, broadcast on Star Plus channel from 29 August 2011. It stars Deepika Singh and Anas Rashid as the main protagonists.Set on the backdrop of Pushkar, Rajasthan, Diya Aur Baati Hum focused on breaking the stereotypical image of women in rural India by showing the inspirational journey of Sandhya Rathi, whose ambition is to become an IPS officer. She achieves her goal with the help of her husband, Sooraj, by going against all odds","Drama, Family, Soap",romance,"Deepika Singh Goyal, Anas Rashid, Neelu Vaghela, Ashok Lokhande, Kanika Maheshwari",Shashi Mittal,2011-08-29,2.5,2,59.8208,hi,1,1487,/nrTLrIPP4nHQaIsi2ft0gY4vSEo.jpg
75287,Agniphera,"Shrishti, a fierce lawyer, and Ragini, a woman who loves guns, both wish to marry the same man, Anurag. He must now choose between the two fiery women.","Drama, Soap, Comedy",,"Yukti Kapoor, Ankit Gera, Ayaz Ahmed, Karan Goddwani, Samridh Bawa",Taraknath Mourya,2017-01-14,4.5,2,57.6672,hi,1,483,/oTCzqwaawP4uOOp3we1ZHzaRgZs.jpg
44053,Amrit Manthan,"Amrit Manthan is an Indian television soap opera, which premiered on 26 February 2012. It airs on Life OK Monday through Friday. It is the story of two sisters who become each other's enemies. At first, it was about the bond between two sisters, Nimrit and Amrit. Now, it shows the bond between another pair of sisters, Gurbani and Jyoti. The show will air its last episode on Friday, 2 August 2013 and be replaced by a new show called Gustakh Dil","Drama, Soap",,"Dimple Jhangiani, Adaa Khan, Ankita Sharma, Navi Bhangu, Waseem Mushtaq",,2012-02-26,0.0,0,56.8552,hi,1,403,/A42W4oBjbIV2aVDLa1vD4m1bpDB.jpg
319876,Poove Unakkaga,,"Family, Soap",romance,"Radhika Preeti, Jovita Livingston, Srinish Aravind, Aamani, Chaya Singh",,2020-08-10,0.0,0,52.3323,ta,1,572,/9V2lWqXeJ66DkjfpmJ3A3UlXPsS.jpg
322846,Kaala Teeka,,Drama,romance,"Simran Pareenja, Fenil Umrigar, Rohan Gandotra, Mayank Gandhi, Bhupinder Singh",Bhavna Vyas,2015-11-02,0.0,0,52.1505,hi,1,406,/f5w1btrj6iLp7GZSGvVLdWWWv8V.jpg
333483,Hunkkaar: The Roar,"When a teenager accuses a revered cult leader of sexual assault, it sparks a national conflict. As the truth unravels, the line between faith and justice blurs.","Crime, Drama","sexual assault, courtroom drama, minor girl, godmen","Aneet Padda, Fatima Sana Shaikh, Raghubir Yadav, Mohammed Zeeshan Ayyub, Arjun Mathur",Karan Kapadia,2026-09-25,8.5,2,52.0898,hi,1,6,/5gaEiZDfTfSX7dPrUhOwSSBXDCM.jpg
86310,RadhaKrishn,"The story of Radha and Krishna is the epitome of eternal love, which transcends eras and emotions.","Drama, Family, Comedy, Action & Adventure, Soap",mythology,"Sumedh Mudgalkar, Mallika Singh, Basant Bhatt, Tarun Khanna, Piyali Munsi",Siddharth Kumar Tewary,2018-10-01,9.0,4,46.8544,hi,4,1145,/3SiMmfY0663JmjpAfftmj1h6XGP.jpg
39314,Bade Achhe Lagte Hain,Bade Achhe Lagte Hain  is the sublime love story of an unexpected relationship. A marriage of compromise between two completely opposite personalities blossoms into a true partnership.,"Drama, Family, Soap",,"Shivangi Joshi, Harshad Chopda, Manoj Kolhatkar, Pyumori Mehta Ghosh",Ekta Kapoor,2011-05-30,8.0,3,44.4809,hi,4,1224,/3gSjiLrEOzIBUQtndBeCf4CvMsL.jpg
1307,Kasauti Zindagii Kay,"Anurag and Prerna, two star-crossed lovers, are set to get married according to both their fathers' wishes. However, they face challenges in their love life and are separated due to circumstances.",Drama,,"Hiten Tejwani, Shweta Tiwari, Smita Bansal, Urvashi Dholakia, Ronit Roy",Ekta Kapoor,2001-10-29,3.1,7,43.6321,hi,1,1423,/v8Hdqnx4uvtZVnSHIQYiiTYnd16.jpg
111453,Ghum Hai Kisikey Pyaar Meiin,"Sai Joshi, a fearless girl who aspires to become a doctor, marries an IPS officer, Virat Chavan, pretending to be a deal. The story revolves around the life of Sai in orthodox joint family of Virat and how Sai and Virat fall in love.","Drama, Soap, Family","family history, love affair, extramarital affair, family swap",,Leena Gangopadhyay,2020-10-05,5.7,70,44.517,hi,3,995,/u3NVGYCpkAgBArXogLuHPfpSNwG.jpg
278796,Kanaa,"Anbarasi, an innocent village girl, dreams of making a name for herself in the field of sports but faces numerous obstacles. Will she manage to tackle the hurdles and fulfil her dream?",Drama,romance,"Dharshana Ashokan, Vishnu Unnikrishnan, Dhroshni Sekar, Keerthana",,2022-11-21,0.0,0,50.129,ta,1,665,/n5v6vyYH1tBTNkm6HIiUAx4iVTi.jpg
257530,Laughter Chefs Unlimited Entertainment,"Colors presents an innovative blend of celebrity personalities, culinary skills, and comedy, all coming together for a delightful entertainment experience.","Comedy, Family",,"Bharti Singh, Harpal Singh Shokhi, Krishna Abhishek, Kashmera Shah, Karan Kundra",,2024-06-01,3.8,3,39.5831,hi,3,162,/zu9yTo3VOY5k7b3PQT5RT74W4GU.jpg
316537,Kothha,,Drama,romance,"Sushmita Dey, Shaheb Bhattacharya, Megha Das, Diya Mukherjee, Sumanta Mukherjee",Sadip Bhattacharya,2023-12-15,8.0,1,43.0228,bn,1,662,/c19J5r63nHTxqUrvbh5Z4weH8x0.jpg
71734,Kumkum Bhagya,"Follow the life of Punjabi matriarch Sarla Arora who runs a marriage hall and lives with the hope of seeing her two daughters Pragya and Bulbul who're poles apart, happily married some day.","Family, Drama, Soap",,"Pranali Rathod, Akshay Bindra, Namik Paul",Ekta Kapoor,2014-04-15,3.6,9,45.684,hi,4,416,/3GGnq4bfBANUuYHK07zmMNC51CL.jpg
125364,Palang Tod,Palang Tod is an erotic web series which tells a separate story in each episode.,Drama,,,,2020-12-25,1.0,2,40.1943,hi,1,33,/3jAeJu40uKy0ondWdzQxu0A97MT.jpg
6060,Kyunki Saas Bhi Kabhi Bahu Thi,A mother-in-law's struggle to put up with her three bahu's. The three bahu's have grown up sons. The bahu's sons start to get involved with having girlfriends and the bahu's try and break their relationships up.,"Drama, Family, Soap",,"Smriti Irani, Amar Upadhyay, Tanisha Mehta, Rohit Suchanti, Shagun Sharma",Ekta Kapoor,2000-07-03,3.4,12,36.418,hi,2,2266,/rJfoyxt7FOKr7WPB6FPuffarpcn.jpg
203769,Pushpa Impossible,"Pushpa Impossible is the story about a feisty middle-aged woman having studied until grade 9 in a Gujarati medium school and going back to school at the age of 44! She is boisterous, uncouth, impulsive, hardworking and an endearingly loveable mother of three children. She is Pushpa Patel hailing from a small town Patan in Gujarat and now residing at Bapodra Chawl in Mumbai. The show is a peek into her day-to-day struggles, her small victories, her Juggad, her shortcomings, and her constant pursuit of living a good life while struggling as a full-time mother and part-time businesswoman. The show is an autobiography of a mother, who decides to go back to school and change her life by impacting many lives!","Family, Drama, Comedy",,"Karuna Pandey, Naveen Pandit, Garima Parihar, Bhakti Rathod, Sarita Joshi",JD Majethia,2022-06-06,7.0,1,35.6304,hi,1,1157,/jInpgPiN2KnTFAu2mtIbFJtFp7A.jpg
75384,Jiji Maa,"Falguni is a maternal figure to her younger sister, Niyati, and endures all difficulties laid down by Uttaradevi to protect her sister from sorrow.","Drama, Soap",,"Tanvi Dogra, Dishank Arora, Bhavika Sharma, Subhashish Jha",Jay Mehta,2017-10-09,0.0,0,46.9892,hi,1,418,/n03r99xHPAd47LaTTsGQnKovJNW.jpg
285470,Grihoprobesh,Star Jalsha Show,Drama,,"Ushasi Ray, Sushmit Mukherjee, Kaushambi Chakraborty, Sounak Ray, Bidipta Chakraborty",,2024-12-02,0.0,0,32.547,bn,1,453,/brQPQNIT1bPJqaQpeAjuVfO9WJY.jpg
99711,Kasauti Zindagii Kay,"A re-imagination of Anurag and Prerna's soul-stirring romance. Made for each other, will these star-crossed lovers unite against the odds of betrayal, revenge, and retribution?","Drama, Family, Soap",,"Parth Samthaan, Erica Fernandes, Shubhaavi Choksey, Pooja Banerjee, Aamna Shariff",Ekta Kapoor,2018-09-25,5.8,4,30.9579,hi,2,468,/cr9psfSEC31PsajxpfJMdi6dJnP.jpg
42316,Devon Ke Dev...Mahadev,"He is the supreme being and the destroyer of evil. Witness lord Shiva's story, his avatars, and a union that shaped the universe - his marriage to Parvati.",Drama,mythology,"Mohit Raina, Mouni Roy, Sonarika Bhadoria, Saurabh Raj Jain, Darshan Kumaar",,2011-12-18,8.9,9,32.524,hi,36,820,/oMzXcYsUVIt6pQEODc6FRe8IBug.jpg
8478,Shagun,Shagun was a Hindi language daily Indian soap opera that was telecast on STAR Plus. It was story of fortune's twists and pitfalls that tear asunder the lives of two cousins tied together by a bond stronger than that of blood - the bond of love.,"Drama, Family",,"Surbhi Tiwari, Kabir Sadanand, Rekha Rao, Surendra Pal",,2001-01-15,0.0,0,30.8965,hi,1,688,/3E4BI0RMtLJIC4wIHdVZTxmSjG9.jpg
14038,Kahiin to Hoga,Kahiin to Hoga is an Indian soap opera which aired on STAR Plus between September 2003 and February 2007. The show was created by Ekta Kapoor of Balaji Telefilms. The romantic-drama series was show was one of the famous television program during its airing period which helped Star Plus capitalize the television market in the 2004-2006 era. Kahiin to Hoga suffered huge loss when its lead Rajeev Khandelwal left the show in between.,"Drama, Soap",,"Aamna Shariff, Rajeev Khandelwal, Shabbir Ahluwalia, Rohit Bakshi, Gurpreet Singh",Ekta Kapoor,2003-09-08,3.143,7,39.3431,hi,1,799,/7z2eM8uwxawWPAcAEU3iYpHNSuE.jpg
280931,Dhrubatara,"Childhood friends Tara and Agni are secretly in love with each other. But their happiness is short-lived when Dhruva, a shrewd businessman enters their life.","Drama, Family",romance,"Shyamoupti Mudly, Indrajeet Bose, Suvajit Kar, Priyantika Karmakar, Animesh Bhaduri",,2020-01-27,0.0,0,34.7044,bn,1,500,/sOTZoAzzogY3PTaAowMYJpbnBCG.jpg
13700,Indian Idol,The Indian version of the Pop Idol format.,Reality,singing competition,"Vishal Dadlani, Shreya Ghoshal, Aditya Narayan, Badshah",,2004-10-28,5.7,17,29.3641,hi,16,489,/jCMw8httzGvjTu0NZjiclqUQD6c.jpg
235380,Sri Ramkrishna,"From being a simple Brahmin boy to the priest at the Dakhineshwar Kali temple, follow the journey of iconic spiritual leader and mystic, Sri Ramkrishna.",Drama,,"Arijit Sengupta, Rita Dutta Chakraborty, Kharaj Mukherjee, Rajatabha Dutta",,2020-05-24,0.0,0,31.5996,bn,1,425,/eWAfI8qLEgeqCpYTQA10PK24n7O.jpg
99811,Qurbaan Hua,Qurbaan Hua is an Indian Hindi drama television series which broadcast on Zee TV. It is produced by Full House Media of Sonali Jaffer and Amir Jaffer,"Drama, Family",,"Karan Jotwani, Pratibha Ranta, Sonali Nikam, Nitin Bhasin, Neelam Pathania",Sonali Jaffer,2020-02-25,2.0,1,37.9858,hi,1,363,/b2K7BlPIdOqKUhhah4rl7Ei9NR6.jpg
39390,Iss Pyaar Ko Kya Naam Doon?,"Khushi and Arnav have diametrically opposite ideologies. If Khushi believes in means, Arnav believes only in ends. Khushi's relationships are the most important to her, whereas Arnav believes all people come with a price and can be manipulated for one's benefit.","Drama, Family, Soap","jealousy, husband wife relationship, suicide attempt, delhi, india, marriage of convenience, love-hate relationship, deception, romcom, romance, family relationships, goat, misunderstanding, bromance, tragic past, strong man, star crossed lovers, opposites attract, employer employee relationship, rich man poor woman, business tycoon, forced marriage, emotional blackmail, hate-speak, fake marriage, power abuse, naive girl, abduction, dance ritual, brother sister relationship, love story, happy ending, feelgood, abusive relationship, enemies to lovers, passion and romance, sisters love, bickering couple, soap opera, contract marriage, older sister younger brother, indian festivals, wedding rituals","Sanaya Irani, Barun Sobti, Dalljiet Kaur, Abhaas Mehta, Akshay Dogra",Aakash Pandey,2011-06-06,7.7,15,34.7173,hi,12,600,/bAHnfeAz4yF3SpZdVSOVMUEjMSP.jpg
91073,Choti Sarrdaarni,"Meher is coerced by her mother into marrying Sarabjeet, a widower with a 5 year-old child. But, much to her mother's dislike, Meher is pregnant with her lover, Manav's child. Can she stand up for her love and fight her own?",Drama,,"Nimrit Ahluwalia, Avinesh Rekhi, Shivendraa Om Saainiyol, Anita Raj, Amal Sehrawat",Ranjeev Nitu,2019-07-01,0.0,0,28.7665,hi,1,810,/yfjSzkR82f5P8Nep3g1FFJvarLe.jpg
218555,Saathi,A young woman leads her life happily in an orphanage until she crosses paths with a prominent lawyer who proposes a contractual marriage in return for helping her get through a difficult situation.,Drama,,"Anumita Dutta, Indrajeet Bose, Annmary Tom, Debdut Ghosh, Tania Kar",,2022-02-07,2.0,1,46.0841,bn,1,906,/9QDFJZxCBCAc5oTrJW7XJYF78cD.jpg
60698,Comedy Nights with Kapil,Comedy Nights with Kapil is a comedy show which provides a distinctive take on the everyday life of a common man as the show explores the story of every household and how our common man Kapil is affected by the simplest issues in life around him.,Comedy,sketch comedy,"Kapil Sharma, Navjot Singh Sidhu, Ali Asgar, Sunil Grover, Naseem Vicky",Kapil Sharma,2013-06-22,6.8,22,30.6163,hi,1,191,/9rScFaEadiT3r46LuT9wWOkh3fo.jpg
8368,Shree,"Shree is a Hindi language supernatural soap opera that airs on Zee TV channel. The series premiered on December 22, 2008 and airs every Monday - Thursday at 10:30pm IST. The series is produced by J.D. Majethia of Hats Off Productions, and stars Wasna Ahmed as Shree and Pankaj Singh Tiwari as Hari in the main lead.","Drama, Sci-Fi & Fantasy, Mystery","supernatural, romantic thriller","Wasna Ahmed, Pankaj Singh Tiwari, Veebha Anand, Jiten Lalwani, Sparsh Khanchandani",,2008-12-22,0.0,0,31.7745,hi,1,187,/tjbL3VIWbZwMvua8xvJPm3DP1gW.jpg
116479,Anupamaa,"Anupama had to sacrifice a lot to become an ideal wife, daughter-in-law, and mother. After a bitter realisation, she sets out to live on her own terms.","Drama, Soap",dus saal baad,"Rupali Ganguly, Adrija Roy, Shivam Khajuria, Sudhanshu Pandey, Paras Kalnawat",Rajan Shahi,2020-07-13,4.8,26,29.9393,hi,1,1958,/i3ZcFxUiGr6HV5yv1i6n7uKHyj7.jpg
286298,Mangal Lakshmi,"Mangal journeys to find an ideal husband for beloved Lakshmi. Despite obstacles, Mangal persists, revealing the power of sisterhood and predestined connections.",Family,melodrama,"Deepika Singh Goyal, Naman Shaw, Sarwar Ahuja, Manan Joshi, Avinash Sachdev",,2024-02-27,0.0,0,26.2538,hi,1,765,/nYS9kE2CZt9wUn4wj6cUSkKHN4E.jpg
85518,Khatron Ke Khiladi,Twelve celebrity contestants face their worst fears and perform a series of death-defying stunts under the supervision of a host to win the coveted title.,Reality,,,,2008-07-21,6.0,6,27.9023,hi,15,291,/kHXlvY8SRHmGyipgBxaTbfgEeIy.jpg
293455,Noyontara,"With a gift of seeing the spirit world, Noyon’s life equals a spooky adventure! When she marries into the Sengupta family, a history of dark secrets unravels.",Drama,"supernatural, thriller","Shruti Bisht, Arjun Chakrabarty, Heena Parmar, Shubham Dipta, Sakshi Sharma",Nissar Parvez,2025-06-09,0.0,0,26.589,hi,1,312,/tFRxH7jJCydvTKZCY2l6Nj0QTxj.jpg
14544,Koffee with Karan,"Koffee with Karan is an Indian talk show hosted by filmmaker and television personality Karan Johar and produced by Dharmatic Entertainment, the digital content division of Johar's production company Dharma Productions",Talk,"talk show, celebrity, gossip",Karan Johar,Karan Johar,2004-11-19,5.9,24,27.853,hi,9,162,/xyaDqO917xzA0iQwtdMPHC5oJVV.jpg
102823,Mastram,An aspiring author living in the heartland of 1980s India discovers that sex sells when the addition of erotic content to his book finally results in sales.,"Drama, Comedy",,"Anshuman Jha, Tara Alisha Berry, Aakash Dabhade, Jagat Rawat, Vipin Sharma",Harish Vyas,2020-04-30,7.0,11,28.6777,hi,1,10,/j9FnTVX6SNSFSCy953rNmoyGOyM.jpg
278208,SeethaRama,"Sri Ram, an eligible bachelor, falls in love with Seetha, a single mother. Will the judgemental society allow their bond to grow?",Drama,,"Vaishnavi Gowda, Gagan Chinnappa, Rithu Singh, Pooja Lokesh, Mukhyamantri Chandru",,2023-07-17,0.0,0,26.1872,kn,1,490,/gPOO8nQRRu5poPMPhvORj0ZlrXc.jpg
75439,Ishq Mein Marjawan,"She had the perfect life, the perfect man but little did she know that she was walking into the perfect trap. What happens when the man you love turns out to be a genius manipulator?","Crime, Mystery, Drama",,"Aalisha Panwar, Arjun Bijlani, Nia Sharma, Zain Imam, Reem Shaikh",Yash A. Patnaik,2017-09-20,4.2,4,28.442,hi,3,712,/6GxRfPAGIq1qVFVo55rQp39klfV.jpg
117751,Pandya Store,"In the era of nuclear families, Dhara uses her entrepreneurial foresight to revive her ancestral business. But can she keep her family united against all odds?","Soap, Drama",,"Priyanshi Yadav, Rohit Chandel, Kruttika Desai, Shabaaz Abdullah Badi, Sahil Uppal",Sunjoy Waddhwa,2021-01-25,0.5,1,24.3105,hi,2,1137,/iwOMRmDWSBu4qSRSB22yYPPL6Qr.jpg
60580,Jodha & Akbar,"Jodha Akbar is an epic drama about a sixteenth century story of the political marriage of convenience between a Mughal emperor Abu'l-Fath Jalal ud-din Muhammad Akbar and a Rajput princess Jodha Bai. The show focuses on how their political marriage brings love between them to an extent that it changed the fate of India. This period drama also portrays the wars of that time along with the relations between the Mughals and the Rajputs. The drama also focuses on the functioning of the queens, the courts, courtesans, the ministers and their influence on the love story of Jalal ud-din Muhammad Akbar and Jodha Bai. The show also highlights on how Mughal emperor Jalal ud-din Muhammad acquires the title of Akbar from the people.","Drama, Family","muslim, emperor, marriage of convenience, marriage, india, battle, ruler, historical drama, 16th century","Paridhi Sharma, Rajat Tokas, Lavina Tandon, Ashwini Kalsekar",Ekta Kapoor,2013-06-18,5.6,15,23.1211,hi,1,565,/oz5z1aOo7IaUjdDSIeNmTbeyGVo.jpg
18486,Pavitra Rishta,Pavitra Rishta is an Indian soap opera that airs on Zee TV. It premiered on 1 June 2009 and airs weeknights. It is produced by Ekta Kapoor of Balaji Telefilms. Pavitra Rishta portrays the life of two common middle-class Maharashtrian families in the city of Mumbai and their day-to-day life. It particularly focuses on the journey of the couple Manav and Archana and their grown-up children.,Drama,,"Ankita Lokhande, Sushant Singh Rajput, Hiten Tejwani, Shruti Kanwar, Asha Negi",Ekta Kapoor,2009-07-01,6.3,6,24.1564,hi,1,601,/siFWxob8bnFpndsWz5fnyeayt97.jpg
237349,Ek Mahanayak - Dr B R Ambedkar,"Ek Mahanayak is the story of Dr. Bhimrao Ambedkar, the founding father of the Constitution of India. For the first time, the story of Babasaheb will be shown on television through serial. The show will include inspiring parts of Babasaheb's life. The story of this show will begin from the childhood of Babasaheb. In which Bhimrao Ambedkar's role will be seen playing child artist Aayudh Bhanushali. Later Prasad Jawade will be seen in the role of young Baba Saheb.","Family, Drama, Reality",,"Atharva Karve, Narayani Varne, Neha Joshi, Aayudh Bhanushali, Jagannath Nivangune",Imtiaz Punjabi,2019-12-17,10.0,1,23.6766,hi,1,979,/nUWsTE6fXf7tv02bI2pEdnUntjK.jpg
262838,India's Got Latent,"India's Got Latent is an Indian Hindi comedy talent show hosted by Samay Raina on YouTube. Inspired by the international Got Talent franchise and Kill Tony, it features a wide variety of acts including singing, dancing, magic, and comedy.","Reality, Comedy","comedian, controversy, stand-up comedy, dark comedy, india, controversial artist, indian, actor, hindi, cheerful, joyful, indians, guests starrings, controversial, raunchy comedy",Samay Raina,Samay Raina,2024-06-14,8.8,11,24.5118,hi,2,20,/8jcdd5HqW4nhF2upVGFS0KJ6hdY.jpg
261116,Megha Barsenge,"A simple newly wed bride gets deceived and abandoned by her NRI groom, takes charge of herself overcomes deceit and restores her and her family’s respect (with the help of a well-wisher), and charts for herself a “New Life.",Drama,"romance, social issues, melodrama","Neha Rana, Neil Bhatt, Heet Sharma, Kinshuk Mahajan",Saurabh Tewari,2024-08-06,0.0,0,21.5081,hi,1,323,/cNMcQxz1WwFYTcJPlCQXd0tx0hn.jpg
84105,Mirzapur,"The iron-fisted Akhandanand Tripathi is a millionaire carpet exporter and the mafia don of Mirzapur. His son, Munna, is an unworthy, power-hungry heir who will stop at nothing to inherit his father's legacy. An incident at a wedding procession forces him to cross paths with Ramakant Pandit, an upstanding lawyer, and his sons, Guddu and Bablu. It snowballs into a game of ambition, power and greed that threatens the fabric of this lawless city.","Crime, Action & Adventure, Drama","gun, gangster, lawlessness, revenge, drugs, father son relationship, brother brother relationship, sex, abusive language, weapons smuggling, businessman criminal, shot in the head","Ali Fazal, Pankaj Tripathi, Shweta Tripathi Sharma, Rasika Dugal, Harshita Gaur",Karan Anshuman,2018-11-15,8.0,193,22.3026,hi,3,29,/1rxLUFVrtTo82OxhbDXJDiJVkwL.jpg
68604,Ishqbaaaz,"Follows three brothers - Shivaay, Omkara and Rudra -- who share an unbreakable bond despite their dysfunctional family.What happens when cupid strikes each of them?","Drama, Family","romance, dramedy, wealthy family, couples, sibling bond","Nakuul Mehta, Surbhi Chandna, Kunal Jaisingh, Shrenu Parikh, Leenesh Mattoo",Gul Khan,2016-06-27,9.0,4,24.0902,hi,1,714,/lOa6zZVA9q6tBVZobRhWIdRMtEp.jpg
315038,Resort,A debt-ridden room service boy rises to challenge a ruthless kitchen at a luxurious beachside haven.,"Drama, Comedy",,"Vijay Kumar, Abeneya Nethran, Thalaivasal Vijay, Ganja Karuppu, Amar Keerthy",Vijay Kumar,2026-03-13,8.5,2,27.5747,ta,1,100,/97eNYDXNMcnl1X1iXzUJqEw4A5w.jpg
83985,Chandragupta Maurya,The story of how Indian Emperor Chandragupta Maurya and his teacher Chanakya work together to unify India and Defend from foreign invaders.,Action & Adventure,"emperor, kingdom, india, spin off","Faisal Hussain Khan, Kartikey Malviya, Tarun Khanna, Sourabh Raaj Jain, Nimai Bali",Siddharth Kumar Tewary,2018-11-14,8.3,3,21.8005,hi,1,208,/5ad1ARW2usTdklbZnLgyFKmL757.jpg
317058,Nenjam Marappathillai,,"Drama, Soap",,"Sharanya Turadi, Amit Bhargav, Nisha Krishnan, Ashwanth Thilak",Rasool,2017-10-09,0.0,0,22.4619,hi,1,358,/gQTXFPCriMXsM2bIOkhqLXADuL6.jpg
34522,Adaalat,"K.D Pathak is a suave, sophisticated, witty and yet unconventional defence lawyer with an impeccable track record. He stands not for his client, but for Justice.","Drama, Crime, Mystery","challenge, lawyer","Ronit Roy, Romit Raj, Sunayana Fozdar, Shraman Jain, Prerna Wanvari",Abhimanyu Singh,2010-11-20,7.5,2,22.7262,hi,2,457,/m2G5WVHX4n2ETdBpAUHGK71C0J7.jpg
72522,May I Come in Madam?,"Sajan Agarwal is mentally tortured by his mother-in-law and Bhupesh. He falls in love with his new boss, Sanjana.",Comedy,"love triangle, workplace romance, nagging wife, schizophrenic","Neha Pendse, Sandeep Anand, Sapna Sikarwar, Anup Upadhyay, Soma Rathod",Shashank Bali,2016-03-07,8.0,2,21.9933,hi,2,486,/9EPETo34jIGycdAROzdDDfs6sIW.jpg
113269,Molkki,"Following the regressive age-old practice of 'Molkki', a lively young girl is married off to a rich widower in return for money. However, an unfortunate accident changes her fortunes for good.",Drama,social,"Vidhi Yadav, Ashish Kapoor",Ekta Kapoor,2020-11-16,0.0,0,28.5726,hi,2,334,/dYFPd6jTPC3xrO3oRCQX9arh8Kl.jpg
285471,Chirosakha,Star Jalsha TV shwo,"Drama, Family",,"Aparajita Ghosh Das, Sudip Mukherjee, Sayak Chakraborty, Raja Goswami, Puja Banik",Leena Gangopadhyay,2025-01-26,0.0,0,12.9759,bn,1,432,/mq60zZpxruaJdT1SumgcuVP90W1.jpg
84982,Aladdin - Naam Toh Suna Hoga,"Aladdin is an age-old fantasy tale of a 20-year-old boy and his travails around his family and love. It is an absolute family entertainer show. It has got the fantastical factor of classic tale as well as the nail-biting thriller, heart-warming romance and affecting family equations. Despite being set in a very old legendary talismanic era, all the characters are entertaining, yet relatable which makes the fans correlate with its humor.","Comedy, Drama, Sci-Fi & Fantasy",romance,"Siddharth Nigam, Avneet Kaur, Aamir Dalvi, Raashul Tandon, Smita Bansal",Alind Srivastava,2018-08-21,7.0,2,21.8794,hi,3,937,/rnsl10ArRoAWVRTsGR6uq15qIaz.jpg
76791,Naagin,"A miraculous shape-shifting snake has the power to become a human. She can be anybody she wants: a wife, a seductress, a mistress, a damsel in distress: all in the name of revenge.","Action & Adventure, Mystery, Sci-Fi & Fantasy",snake,"Priyanka Chahar, Alice Kaushik, Ribbhu Mehra, Namik Paul",Ekta Kapoor,2015-10-25,3.1,7,21.767,hi,7,513,/r76GlGdzE5OCq3LRx1niR8IEli0.jpg
60118,Brave Son of India: Maharana Pratap,"Bharat Ka Veer Putra – Maharana Pratap is an Indian television series produced by Abhimanyu Singh of Contiloe Entertainment, based on the life of 16th century Rajput ruler of Mewar, Maharana Pratap Singh. The series premiered on Sony TV on May 27, 2013. The series is introduced by Bollywood actor Amitabh Bachchan.","Documentary, Drama","bravery, freedom, king, maharajah","Sharad Malhotra, Faisal Hussain Khan, Rachana Parulkar, Roshni Walia, Avinesh Rekhi",Abhimanyu Singh,2013-05-27,6.2,2,21.7901,hi,1,539,/h452XNOVO4bTwiSGIcblGEMOAxH.jpg
75230,Vighnaharta Ganesh,"Vighnaharta Ganesh showcases the journey of the deity Ganesha and presents a magical visual extravaganza with impeccable production design, celestial costumes and ingenious audio-visual experience through Motion Capture technology. This technology will make the emotional journey of how Ganesha transformed from being an ostracized child to ""Prathamesh"" amongst Gods, a more endearing and realistic experience. Motion Capture technology and animatronics which will be used for the first time on Indian Television, after being extensively used in Hollywood. This technology will replace the age old depiction of Lord Ganesha with an inert mask and bring alive the detailed life-like movements and facial expressions to the fore giving the viewers a delightful visual treat. This magnum opus is supported by a stellar star-cast that includes Uzair Basar playing Ganesha, Akanksha Puri as Parvati, Malkhan Singh as Shiv, Basant Bhatt as Kartikeya and Anand Garodia as Narada Muni.",Drama,"mythology, devotional",,,2017-08-22,9.5,2,21.6026,hi,1,1026,/hjtGudCLbL8CGmmwHSjOd0lgWFY.jpg
17356,Life Partner,"Jeevan Saathi - Humsafar Zindagi Ke is an Indian television series aired on Colors, based on the love story of Neil and Viraj. The series premiered on July 21, 2008, and is produced by Bollywood film comedy-actor Paresh Rawal.

Jeevan Saathi follows the story of Viraj Rathod's life and how she beats the obstacles thrown out by her father, the egoistic Vikramaditya Rathod.",Drama,,"Vaani Sharma, Gaurav Khanna, Nihar Thakkar, Sailesh Gulabani",,2008-07-21,6.0,1,23.7019,hi,1,311,/c3WZasydGDF4QytYqAkm5CRewFZ.jpg
94537,MTV Hustle,"MTV Hustle is India's first rap reality show. Judged by Raftaar, Nucleya and Raja Kumari, it premiered on 9 August 2019. Hosted by Gaelyn Mendonca, it airs on MTV India.",Reality,hip-hop,,,2019-08-10,8.5,2,13.4228,hi,5,100,/fhh09HqAYPyK2GZJyhlLpJBK9XJ.jpg
277728,Uma,"Uma, a young girl from the interiors of West Bengal, buries her dream of becoming a cricketer to support her family. But, her passion for the game keeps her focussed on her goal.",Drama,sport,"Shinjini Chakraborty, Neel Bhattacharya, Bhaskar Banerjee, Soma Banerjee, Juiee Sarkar",,2021-09-13,0.0,0,19.9037,bn,1,348,/b0RjhtTDZ6hQr6LChsBiY1SGDFs.jpg
283260,Ram Bhavan,"Isha, a strong-willed woman, enters the Jai Ram Bhavan after a traumatic heartbreak and must navigate the manipulative influence of Gayatri, who holds significant power within the family.",Drama,"romance, thriller","Khushbu Rajendra, Mishkat Varma, Samiksha Jaiswal, Vijay Kashyap, Hitanshu Jinsi",Rahul Kumar Tewary,2025-01-29,0.0,0,21.1735,hi,1,156,/5RF9HzJ2dU3KpnrQYhp7ua1iJCJ.jpg
219035,Charmsukh - Jane Anjane Mein,"Chandni's mundane and routine married life spices up, when her older brother in law arrives at their place to stay. Chandni's loins start firing up, and thus starts a tug of war between her integral family values and her personal lustful adventure.",Drama,"sex, nudity","Dev Dehman, Anmol Jain, Gaurav Rajput, Jinnie Jaaz",SSK,2023-01-02,0.0,0,20.8789,hi,7,24,/7pSvxVmXvNWMEe0wTmHLRQMk0HQ.jpg
13949,Karam Apnaa Apnaa,Karam Apnaa Apnaa is an Indian soap opera that aired on Star Plus and was produced by Ekta Kapoor of Balaji Telefilms.,Drama,,"Pallavi Subhash, Salil Ankola, Hiten Tejwani, Roopa Ganguly, Shakti Singh",,2006-01-05,0.0,0,20.6236,hi,1,603,
247769,The Great Indian Kapil Show,"Comedian Kapil Sharma hosts this laugh-out-loud variety talk show with celebrity guests, hilarious antics and his signature supporting cast.","Talk, Comedy",,"Kapil Sharma, Sunil Grover, Krishna Abhishek, Kiku Sharda, Archana Puran Singh",Kapil Sharma,2024-03-30,7.1,17,20.4567,hi,5,57,/3KMCmGDlYLlJ8zGOhCs6f3FZcnj.jpg
46935,Qubool Hai,"Zoya Farooqui, a modern NRI who travels to Bhopal searching for her father, where she falls for the traditional, stern businessman Asad Ahmed Khan.","Drama, Family",,"Namik Paul, Karan Singh Grover, Surbhi Jyoti, Shalini Kapoor, Rishabh Sinha",Gul Khan,2012-10-29,6.4,6,20.3477,hi,2,856,/zXau9c6BJHkzyjDxiovG9cJnI6V.jpg
235330,Pallakilo Pellikuturu,"A modern and independent Sasirekha meets Abhiram, a man of traditions. Forced into marriage, can they find their happily ever after?",Drama,romance,"Sravan Raghavendra, Aditi Tripathi, Pradeep Kondiparthi, Tirupati Prakash",,2022-09-26,0.0,0,20.3391,te,1,198,/xJ7ozpO0XgBNFQZW1lDylBGUEFZ.jpg
37679,Rakt Sambandh,"Rakt Sambandh is a multi-star cast thriller show. Rakt Sambandh aired on Monday 19 July 2010 on NDTV Imagine. A visually impaired young woman with the help of four supportive elder sisters and a loving father has overcome her difficulties to lead a normal life. But life takes a different turn, when she finds her father dead under mysterious circumstances on her wedding day. With the affection showered by her husband Yuvraj and his family, Sandhya begins to smile again… but not for too long. Unknown to her, Sandhya’s new family have a deep, dark secret… How will she react when she discovers the truth about her husband?",Drama,"romance, thriller","Sriti Jha, Naman Shaw, Dhruv Bhandari, Sonali Nikam",,2010-07-19,0.0,0,20.1934,hi,1,185,/olSAxoGzkjPwfsVU5N4Wqchtq5u.jpg
85015,Tujhse Hai Raabta,Tale of a bittersweet relationship between stepmother and daughter.,"Drama, Soap, Family",,"Reem Shaikh, Purva Gokhale, Shagun Pandey, Savita Prabhune",Sonali Jaffer,2018-09-03,5.0,2,20.1791,hi,1,729,/4yGeXbQXVJvJEwzQxKFvQYbrpVE.jpg
211088,Sherdil Shergill,"Raj is a privileged man who believes that everything in life should be simple, while Manmeet holds an opposing perspective. What will happen when they meet?",Comedy,,"Dheeraj Dhoopar, Surbhi Chandna, Ayesha Kapoor",Saurabh Tewari,2022-09-26,0.0,0,20.1744,hi,1,95,/kmlzoUI8Jj0UuVeAP1Hb8cYtx6G.jpg
86634,Manmohini,"The life of Ram and Siya, a newly married couple, takes a horrifying twist when they encounter Manmohini, a witch waiting for over 500 years to reunite with her lover.",Drama,"supernatural, romance, horror","Reyhna Malhotra, Giaa Manek, Ankit Siwach, Garima Singh Rathore",Prateek Sharma,2018-11-27,2.0,1,19.6035,hi,1,361,/hEsvlpa91dZGFGZ1QcEXxlAxcLD.jpg
75257,Tenali Rama,"Court poet Tenali Rama serves at the court of Emperor Krishnadevaraya of the Vijayanagara empire, and uses his sharp wit and wisdom to solve complicated matters quickly.","Family, Drama, Comedy",,"Krishna Bharadwaj, Pankaj Berry, Nimisha Vakharia, Soniya Sharma, Jiten Mukhi",Abhimanyu Raj Singh,2017-07-11,8.0,1,19.2679,hi,7,806,/v8rTT50TyaEIqGY2bsRwzoi0bS6.jpg
8015,Kaahin Kissii Roz,Kaahin Kissii Roz was an Indian thriller drama television series that broadcast on STAR Plus from April 2001 until September 2004. The series was one of the top rated shows of its time.,Drama,thriller,"Yash Tonk, Sudha Chandran, Mouli Ganguly, Poonam Narula",Ekta Kapoor,2001-04-23,5.0,7,18.8783,hi,1,895,/wnh9nTy5V3VNZhXAq0bZEwnt7Zb.jpg
235133,Tomader Rani,"Eager to take on the world, 18-year-old Rani aspires to be a doctor. But an early marriage and duties of motherhood threaten to overshadow her dreams.",Drama,romance,"Abhika Malakar, Arkaprovo Roy, Madhupriya Chowdhury, Sandip Chakraborty, Somashri Bhattacharyya",,2023-09-07,0.0,0,18.3629,bn,1,338,/2rCnVLCaaBt5kVgplqdNBXojxBD.jpg
911,Kaun Banega Crorepati,"Hosted by India's biggest superstar, Amitabh Bachchan, one of the biggest shows is here to entertain millions, change lives and make dreams come true.",Reality,game show,Amitabh Bachchan,Arun Sheshkumar,2000-07-03,6.6,33,18.2406,hi,18,1529,/iWxg7BV5YQHf5g5mkluiAJSyzTP.jpg
114574,Cooku with Comali,"Cooku with Comali, also known by the acronym CWC, is an Indian Tamil-language comedy-based cooking competition show aired on Star Vijay and streams on Disney+ Hotstar where the contestants are paired each week with comedians (comalis) who are amateur cooks. The first season premiered on 16 November 2019 and ended on 23 February 2020. The second season was premiered on 14 November 2020 and ended on 14 April 2021. The third season was premiered on 22 January 2022 and ended on 24 July 2022. The contestants along with their comalis are challenged every week and judged by Chef Damu and Chef Venkatesh Bhat.","Reality, Comedy","comali, vijaytv, kpy","Chef Damodharan, Madhampatty Rangaraj, Koushik S, Roja Selvamani, Ma Ka Pa Anand",Parthiv Mani,2019-11-16,8.4,7,17.8163,ta,7,309,/iuPhRaSQNj1K6fo1g1dVEQx1Q5d.jpg
99840,Sankat Mochan Mahabali Hanuman,"The Show focuses on different and unknown stories of Lord Hanuman, apart from his well-known history as a Ram Bhakt. The show also covers stories about the role of Hanuman in the Mahabharatha.",Drama,hindu mythological,"Nirbhay Wadhwa, Priyanya Singh Shekhawat, Prithvi Singh",,2015-05-04,6.0,2,17.4672,hi,1,631,/askmYrUhTqFnYF56t7Z2rTEs92B.jpg
335332,Waiting Hai,"Sugam joins the RPF and investigates a Tatkal scam. Hamza and Mama turn booking software into a business, facing rivalry and betrayal. Sugam arrests the agents and tracks Hamza, ending the scam before his escape to Dubai.","Comedy, Drama, Crime",,"Divyendu Sharma, Bhuvan Arora, Kumud Mishra, Vijay Maurya, Harshita Gaur",Sameer Vidwans,2026-09-16,0.0,0,17.5244,hi,1,7,/6jBdFWwgKgkcrAGaDfTC9bpudaN.jpg
85278,Super Dancer,"A group of children, aged between four and 13, compete to find out who is the future of dance. They are tested on their desire to dance, their determination and their discipline.",Reality,"dance, steps","Shilpa Shetty Kundra, Geeta Kapur, Marzi Pestonji, Paritosh Tripathi",,2016-09-10,4.8,5,17.6332,hi,5,215,/y6NHZ3TxXpqShmtCUu30AcMlfzE.jpg
60334,Baalveer,"Darkness is on the horizon as Baalveer faces his toughest enemies yet - one who has ended Baalveers across all the universes, and one within himself. Can he overcome the threat and save himself?","Kids, Comedy, Sci-Fi & Fantasy",,"Anushka Sen, Rudra Soni, Dev Joshi, Prithvi Singh",Vipul D. Shah,2012-10-08,5.9,6,17.4983,hi,5,1112,/vL6GVWgG5VGc3xfW4l4eFLLbuA8.jpg
82416,Kuch Rang Pyaar Ke Aise Bhi,"A mature love story of Devrath Dixit, a successful business tycoon and Dr. Sonakshi Bose, a nutritionist.","Drama, Soap, Family",,"Erica Fernandes, Shaheer Sheikh, Supriya Pilgaonkar, Jagat Bhushan Singh, Mushtaq Khan",,2016-02-28,10.0,3,17.3496,hi,3,505,/38iQPks9U1rY0oE4uDogEsyMJlv.jpg
242722,Shrimad Ramayan,"'Shrimad Ramayan' brings to life the timeless Hindu epic, the Ramayana, with a deep commitment to authenticity, cultural reverence and contemporary sensibility. The epic narrative of the Ramayana is rooted in the two words, 'Ram' and 'Ayana.' 'Ram' represents the human incarnation of Lord Vishnu, while 'Ayana' signifies a journey. Thus, the Ramayana unfolds through the voyage of Ram, a mortal who ascended to become Purushottam, the paragon among men, transcending his own inherent limitations.","Drama, Family","ramayana, ramayan, shrimad ramayana","Sujay Reu, Prachi Bansal, Nikitin Dheer, Basant Bhatt, Nirbhay Wadhwa",Siddharth Kumar Tewary,2024-01-01,6.9,9,17.4802,hi,1,341,/m07WTClRMy05nW76KE07rcPcVYJ.jpg
60550,Mahabharat,"Mahabharat is a 2013 drama TV series on Star Plus based on Indian legendary epic of the same name. It has been produced by Swastik Pictures and features actors such as Saurabh Raj Jain as Lord Krishna, Shaheer Sheikh as Arjuna, Pooja Sharma as Draupadi, Aham Sharma as Karna and Arav Chowdhary as Bhishma Pitamah. The producers had creative associations with writer Salim Khan, author Devdutt Pattanaik, designer Bhanu Athaiya, music directors Ajay-Atul and Ismail Darbar, action director Ram Shetty and set designer Omang Kumar. The casting of the show is done by Sahil Ansari, Mahesh Chandra Bhatt, Arun Mitra. It started broadcasting on 16 September 2013.","Drama, Family",indian mythology,"Saurabh Raj Jain, Shaheer Sheikh, Rohit Bharadwaj, Pooja Sharma, Saurav Gurjar",Siddharth Kumar Tewary,2013-09-16,8.7,31,17.3213,hi,28,267,/l4Kwq6rcXejuCglNCm8LoMzpK85.jpg
5979,Jeena Isi Ka Naam Hai,Host Farooq Shaikh interviews many well-known Bollywood faces as well as television celebrities and gives a peek into their private and professional lives.,Talk,celebrity interview,Roshan Abbas,Sucharita Ghosh Stephenson,2002-03-22,0.0,0,17.4226,hi,3,111,
120224,Neeya Naana,A talk show where two polarised groups of society are given the platform to share their views and see a different perspective on socially-relevant topics.,"Family, Talk",,Gobinath Chandran,,2006-05-07,8.7,3,16.3284,ta,23,1017,/pJswvJkie98HCbZuxbO3nM96tOG.jpg
99839,Siya Ke Ram,"Traces the epic of Ramayan  which chronicles the journey of  Ram and Sita. Contrary to popular depictions of the Ramayana from Rama's perspective, this show will highlight Ramayan through Sita's eyes.","Drama, Family, Soap","sacrifice, devotion, spiritual, good versus evil, indian culture, quotes, woman’s perspective, classic romance, based on manuscript, sibling bond","Madirakshi Mundle, Ashish Sharma, Vedant Sawant, Karan Suchak, J. Karthik",Nikhil Sinha,2015-11-16,8.3,3,17.9735,hi,6,304,/7NKltHDTtcnyBwscuGf5ZM0qaUw.jpg
15246,Jassi Jaissi Koi Nahin,"Jassi Jaisi Koi Nahin is a story of the lovable ugly duckling Jassi's journey to becoming a beautiful swan and finding her prince charming. It is the story of Jasmeet Walia - Jassi - who is an unattractive, bespectacled girl with braces and an odd style of dressing. She is naive but intelligent. Jassi faces a lot of criticism from prettier colleagues - both men and women. The show chronicles her at her workplace where she wins the hearts of her colleagues and her boss due to her warm nature. Over time she falls in love with her boss, Armaan Suri. It is the story of Jassi whose life unfolds as she struggles to make a place for herself in the vain world and unite with the man she loves.",Drama,,"Mona Singh, Samir Soni, Apurva Agnihotri, Neena Gupta, Rajesh Khera",DJ's Creative Unit,2003-09-01,3.7,3,16.5674,hi,1,548,/59tC9uxuthrLOsQDJILU1pjkxFf.jpg
316472,Nojor,,Sci-Fi & Fantasy,"supernatural, thriller","Diya Mukherjee, John Bhattacharya, Sampurna Lahiri, Antara Nandy, Debdut Ghosh",,2019-03-18,0.0,0,16.0766,bn,1,198,/cGHFAgbCtsBxhb1p1qwmBr2qXxo.jpg
273610,Phulki,"Phulki, a small-town girl, aims to break stereotypes by pursuing boxing professionally, a passion inherited from her father, to overcome life's obstacles.",Drama,"sports, romance","Divyani Mondal, Abhishek Bose, Ankita Majhi, Sohan Bandyopadhyay, Mishka Halim",Samrat Ghosh,2023-06-11,0.0,0,17.4897,bn,1,901,/p41KMfxw7cYHjisA8d28xIWzNLu.jpg
75235,Yeh Un Dinon Ki Baat Hai,"The story chronicles the adolescent romance between Naina and Sameer. The show explores the magic of first love. Naina a quintessential good girl meets flamboyant Sameer in her school in Ahmedabad. She starts liking him the moment she meets him. But when she watches Sameer hit another boy, she has to tell the truth to the principal of the school. This results in Sameers suspension and his dislike towards Naina. The same is followed by a series of misunderstanding between Sameer and Naina. In order to avenge his insults Sameer takes a bet with his friends that he will make Naina fall in love with him. What starts as a bet ends up in true love for Sameer as Naina cares for him like no one has ever done. When Naina gets to know about the bet, she is heartbroken. Thus, begins Sameers journey of transformation and penance. This show will be a closer exploration of everyday moments that these two shares.",Drama,"coming of age, period drama, teenage romance","Ashi Singh, Randeep Rai, Ayesha Kaduskar, Sadiya Siddiqui",Shashi Mittal,2017-09-05,10.0,1,16.2598,hi,1,497,/dm2VHQl2cQnnMbQ6lFwKoHSC2Km.jpg
81615,Savdhaan India,"From a dangerous murder plot to a planned robbery, unmask the gory face of terror through a dramatised version of the crimes happening around you!",Crime,,,,2012-04-23,9.0,1,16.2546,hi,73,1251,/epdc0Aw8wTRB3xqJSEdF6vQkYWj.jpg
8561,Dill Mill Gayye,"Dill Mill Gayye is an Indian soap medical drama TV series that aired on STAR One. It was the sequel of the television series Sanjivani, which aired on STAR Plus channel. The show ended in October 2010 after running for 3 years. The show was successful amongst the youth of the country that even after so years following its conclusion, the actors of the show like Karan Singh Grover, Shilpa Anand, Jennifer Winget, Sukirti Kandpal, Drashti Dhami, Shweta Gulati and Karan Wahi are still fondly remembered by the people.",Drama,,"Neha Jhulka, Karan Singh Grover, Shilpa Anand, Sukirti Kandpal, Jennifer Winget",Palki Malhotra,2007-08-20,0.0,0,15.93,hi,17,722,/agcqnJiJ40TDwz9STNuihjq5ZtY.jpg
275193,Mithijhora,"An unfortunate turn of events forces Raipurna to sacrifice her love and happiness to give her sisters, Neelanjana and Tilottama, a secure future.",Drama,romance,"Aratrika Maity, Suman Dey, Debadrita Basu, Mainak Banerjee",,2023-11-27,0.0,0,15.8798,bn,1,418,/fzMPi2MY4Ni5WoL7dECtNf9M6Ve.jpg
44839,Shubh Vivah,Shubh Vivah is an Indian television drama series telecast on Sony Entertainment Television India and Sony Entertainment Television Asia. It premiered on 27 February 2012 at 7:30 pm and went off-air on 29 June 2012.,Drama,,"Rakesh Bedi, Shafaq Naaz, Krutika Gaikwad, Neha Narang, Neha Janpandit",,2012-02-27,0.0,0,15.8279,hi,1,89,/3yAuphDWbof3S0XCTcGxdhYaGKU.jpg
72412,Chandra Nandni,"A historical drama based on the love story between King Chandragupta Maurya and his wife, Nandni. King Suryagupta Maurya and his queen, Moora, are expecting a baby and visit the kingdom of Magadh for the Vasant Utsav. Later, Suryagupta finds out a shocking truth about Queen Avantika of Magadh.",Action & Adventure,,"Shweta Basu Prasad, Rajat Tokas, Tanu Khan, Saanvi Talwar, Uorfi Javed",Ekta Kapoor,2016-10-10,5.7,3,15.7003,hi,1,286,/AuTIcvR3FrKpGaGU6QwlxSzVOQq.jpg
116482,Sreemoyee,"On realising that her family takes her for granted, Sreemoyee, a housewife, sets out to create a new identity for herself. A heartwarming second chance at life.","Drama, Soap",romance,"Indrani Haldar, Tota Roy Chowdhury, Sudip Mukherjee, Ushasie Chakraborty, Saptarshi Maulik",Leena Gangopadhyay,2019-06-10,0.0,0,15.6579,bn,1,834,/ef83aLjk4DLjmZ1WSzg94PA88Mp.jpg
103553,Yeh Hai Chahatein,"A passionate love story between a famous rockstar, Rudraksh Khurana, and a gynaecologist, Dr Preesha Srinivasan, who fall in love after raising their respective siblings' son together.",Drama,"romance, thriller",,Ekta Kapoor,2019-12-19,4.0,3,15.5441,hi,3,1171,/a8WltYz6bo4BXukVvOZQjdGEhob.jpg
250767,Bojhena Se Bojhena,A lively and free-spirited Pakhi and an arrogant Aranya are drawn towards each other! What follows is an intense love-hate relationship.,Family,,"Tania Kar, Yash Daasguptaa, Madhumita Sarkar, Koushik Roy, Dolon Roy",,2013-11-04,0.0,0,15.4444,bn,2,750,/aRa7vtDFeoTlvbb8wZEIvIo9BLm.jpg
3901,Baa Bahoo Aur Baby,"Baa Bahoo Aur Baby was as a popular comedy drama, broadcast on India's Star Plus channel between 2005 and 2010. The series revolved around the fictitious Thakkar family, living in a large house in Parla East, Mumbai.","Drama, Comedy, Family",,"Sarita Joshi, Arvind Vaidya, Benaf Dadachandji, Deven Bhojani",Aatish Kapadia,2005-08-05,4.5,2,15.2898,hi,2,558,/4GWCTjkXMdFF4cOVYKKQ4irz47u.jpg
8456,Shaka Laka Boom Boom,"Anything that is drawn using the magical pencil found by Sanju, a young boy, becomes a reality. Soon, Sanju finds himself battling many evil forces who wish to misuse the pencil.","Family, Kids","magic, school kids, magic pencil","Kinshuk Vaidya, Jennifer Winget, Sainee Raj, Hansika Motwani, Rahil Joshi",Vijay Krishna Acharya,2002-08-19,6.7,18,15.1471,hi,4,491,/ygRHaev1WmyZxb8ruYtAmFsK163.jpg
322623,Battleground,"Battleground brings a unique concept on your screens in the form of fitness reality show. We bring together the nation's most dedicated fitness enthusiasts for the fitness battle. This show blends action, fitness, determination and drama. Get ready to watch the contestants push themselves to their physical and mental limits as they battle it out in the show. The contestants fight to become India's next Fitness & Action Star,

16 contestants compete for India's fitness superstar title in a 28-day challenge. Teams face physical trials and get mentorship from fitness icons. One male and female winner emerge through tests of strength and endurance.",Reality,"competition, fitness, unscripted","Shikhar Dhawan, Abhishek Malhan, Asim Riaz, Rajat Dalal, Rubina Dilaik",Mayank Yadav,2025-04-04,0.0,0,15.1448,hi,2,78,/h4w6yggxyL3dB1rYaLjd1oAAkLJ.jpg
75265,"Kya Haal, Mr. Paanchal?","Kunti is obsessed with finding the perfect bride for her son. God grants her the wish but gives her five daughters-in-law, each possessing a unique quality.","Comedy, Drama, Family",,"Maninder Singh, Kanchan Gupta, Dharti Bhatt, Ojaswi Oberoi, Astha Agarwal",Vipul D. Shah,2017-08-28,6.0,1,15.0173,hi,1,424,/bM7iq2wMhebZ0Py2OJy9We9vBqY.jpg
285147,Shaque: Trust No One,"A mother receives yearly photos of her missing child. After nine years of searching, she discovers the truth about the abduction lies not far away, but hidden among her closest circle.","Crime, Mystery, Drama",,"Parineeti Chopra, Jennifer Winget, Tahir Raj Bhasin, Anup Soni, Sumeet Vyas",Renzil D'Silva,2026-09-24,6.7,3,14.8015,hi,1,7,/xddc9KBcqffXjLEYLX8cZzRwYkS.jpg
70058,Motu Patlu,"Inspired by the characters of Lot Pot Comics, Motu Patlu is a lively comic caper for the kids as well as the entire family. Set in the beautiful city of Furfuri Nagariya, the story is about Motu and Patlu, who are as similar as chalk and cheese. The Awesome Twosome are always on an adventurous expedition and have an uncanny ability to get into tricky situations every single day! It was premiered on 16 October 2012, beginning with the episode ""John Banega Don"". It focuses on two friends, Motu and Patlu, living in the fictional city Furfuri Nagar.","Animation, Comedy, Kids, Action & Adventure","bravery, inspector, friendship, friends, doctor, buddy comedy, 3d animation","Saurav Chakraborty, Aanchal Trivedi, Renu Sharda, Omi Sharma",Ronojoy Chakraborty,2012-10-16,7.0,15,14.7912,hi,6,468,/nXKXaGE0SkjvhnbFKc0dUWh1uwo.jpg
319058,Roopmati,"Roopnagar's princess Roopmati is the jewel of her people. Cast into exile, she finds herself guided by unseen powers & bound to a destiny greater than the crown she lost. Watch her rise to protect her kingdom from the dark forces of evil",Sci-Fi & Fantasy,romance,"Joyeeta Sanyal, Ayaan Ghosh, Jammy Banerjee, Prajna Dutta",,2025-10-27,0.0,0,14.7607,hi,1,264,/jRIW5Ua0qkX0NQKI3fmx6PoIyRj.jpg
93352,The Family Man,"The story of a middle-class man who works for a special cell of the National Investigation Agency. While he tries to protect the nation from terrorists, he also has to protect his family from the impact of his secretive, high-pressure, and low paying job.","Drama, Action & Adventure","terrorism, raw","Manoj Bajpayee, Priyamani, Sharib Hashmi, Vedant Sinha, Ashlesha Thakur",Raj Nidimoru,2019-09-20,7.7,200,14.7289,hi,3,26,/tE1NUJqw9gV6AVjQ1GTK78LbWJ9.jpg
312348,Dr. Aarambhi,"Once an AIPMT topper, Aarambhi’s life is now weighed down by marital duties, but deep within her lies a long-lost dream. Will she get a second chance?",Drama,,"Aishwarya Khare, Aditya Redij, Anjum Fakih, Lubna Salim, Sumit Singh",Mukta Dhond,2026-01-27,0.0,0,14.359,hi,1,140,/v9vWIUF4qrP127Runv2Yq9Akb6Y.jpg
232406,Tula Shikvin Changlach Dhada,"Having contrasting mindsets, sparks fly when Akshara, a teacher who values education encounters Bhuvaneshwari, a rich woman for whom money means everything.",Drama,,"Shivani Rangole, Kavita Lad Medhekar, Hrishikesh Shelar, Ruta Kale, Dipti Sonawane",Tejas Desai,2023-03-13,0.0,0,14.2702,mr,1,736,/qsEFqcojsE7IyAhkmdh8y43SYK8.jpg
300081,Rise and Fall,"The story revolves around the host explaining the show where 4 celebrities, of which 2 in the penthouse, are trying to maintain their position as Rulers while 2 in the basement are fighting to Rise to the Penthouse to topple a Ruler.",Reality,,,,2025-09-06,0.0,0,13.9719,hi,2,49,/nKBHSZpzeHIFZ6Qab6tA7oFT12J.jpg
35036,Mukti Bandhan,"Mukti Bandhan is a television series from India, that has aired on Colors, based on the story of an ordinary man with an extraordinary sense for business. The story is an adaptation of Harikishan Mehta's popular novel Mukti Bandhan. The story was adapted by Vipul Mehta. Due to a high-class concept, this show could not get success with ratings, so it was shifted to 11 pm.

The show ended on 29 September 2011.",Drama,,"Shivkumar Subramaniam, Esha Kansara, Siddharth Arora, Surbhi Zaveri Vyas",,2011-01-10,0.0,0,8.8218,hi,1,153,/mivtzAbn88CmW54QKPkoOSbpXQn.jpg
7420,MTV Splitsvilla,"Ready to witness the ultimate fight between the rules of science and the laws of love? 10 boys, 10 girls and an Oracle who will decide whether or not a couple makes the perfect match! It's time to 'catch your match', Splitsvilla style!","Reality, Drama",,"Sunny Leone, Uorfi Javed, Karan Kundra, Nia Sharma, Himanshu Arora",,2008-06-20,3.9,4,13.8839,hi,16,383,/hbdX2LLJhJemnf3HLodwhjwNaFx.jpg
223731,Potol Kumar Gaanwala,"Potol, a singing prodigy, lives in a village with her mother, uncle and aunt. However, after her mother's death, she sets out to search for her father, whose identity she does not know.","Drama, Family","naivety, musical, romance, cross dressing, evil stepmother, father daughter reunion, hidden identity, child protagonist, father daughter relationship, time skip, evil stepsister","Piya Debnath, Saheb Chatterjee, Shyamoupti Mudly, Manasi Sinha, Mimi Dutta",,2015-12-14,10.0,2,13.8648,bn,16,632,/mjU2bDDZBgKRvpgZER2KkLb83sb.jpg
74913,Crime Patrol Satark,"Crime Patrol attempts to bring stories of crime happening all around the country. Crimes that tell us that we need to be careful, we need to be watchful. Crimes that tell us lives could have been saved. Every crime we hear of, either warns us to be careful or scares us, it could happen to us. Every crime ignites a feeling, It should not have happened. Would knowing the Why? behind a crime, help in stopping a crime from happening? I don't like the way he looks at me, I don't like the way he/she is behaving, I think he/she is out of his/her mind, I think he/she has gone crazy. That gaze, that quirky smile, that persistent stare which unnerves. It is difficult to understand the intentions but the hints are there. In a house a husband and wife argue, fight. A vessel comes flying, a glass breaks. Husband is angry and the wife is upset. That hatred, that ego. The distance that keeps growing. It is difficult to comprehend the damage, but the cracks are there. Feelings expressions.","Reality, Mystery, Drama",,"Anup Soni, Sanjeev Tyagi, Manish Raj Sharma, Nissar Khan, Sakshi Tanwar",Subramanian S. lyer,2003-05-09,0.0,0,13.3577,hi,8,2072,/fUMktOvnEmztMapAveGYwcOgSFJ.jpg
248064,Heart Beat,RK Multispeciality Hospital is a beacon of hope and healing. Its doctors are resilient even when they have to deal with medical and personal challenges.,"Drama, Comedy",,"Deepa Balu, Anumol, Karthik Kumar, Charukesh, Sabaresh",Deepak Sundarrajan,2024-03-08,8.2,5,13.8786,ta,3,248,/aHEr565AkKrwC7Q18u3OEjGavyj.jpg
130542,Bhagya Lakshmi,"Hailing from a middle-class family, Lakshmi’s life is upended when she realises that her marriage to Rishi Oberoi, an industrialist’s son, is a sham to keep his death at bay.",Soap,,"Aishwarya Khare, Rohit Suchanti, Maera Mishra, Aman Gandhi, Munira Kudrati",Ekta Kapoor,2021-08-03,5.8,110,13.3479,hi,1,719,/gG7VzFKAOuGqCJyHQJRTn9f7UMl.jpg
315195,Trideviyaan,"Dhanashree and Tanuja, along with their sister-in-law, Manya, work as secret agents and simultaneously manage their household chores. However, they have a tough time hiding their real identities.","Action & Adventure, Comedy","action comedy, thriller","Aishwarya Sakhuja, Samaira Rao, Shalini Sahuta, Rituraj Singh, Aanshul Trivedi",Amir Jaffar,2016-11-15,0.0,0,13.6327,hi,1,190,/A4eVgVyzO0dk6NpJ9E3KrXiaSjk.jpg
15428,"Shararat - Thoda Jaadu, Thodi Nazaakat","The story revolves around how different people in the family adjust to the magical powers of naani and her daughters, who use their magical powers for their needs.","Comedy, Family","magic, supernatural, foreign language, family drama, shararat","Poonam Narula, Addite Shirwaikar Malik, Shruti Seth, Simple Kaul, Farida Jalal",,2003-01-24,6.3,14,13.3319,hi,1,192,/4WC8AEpg32wgumtqbbQDmEz1NoZ.jpg
113218,Imlie,"All Imlie wanted was to create a name for herself in the city. But upon her arrival, she finds herself caught in the middle of Aditya and Malini's love story.","Drama, Soap, Family","family history, relationship problems, family business , love-hate relationship, family relationships, love affair, imlie",,,2020-11-16,7.4,83,16.2623,hi,3,970,/sltUDXvpDZK3aVIdtkbImhcJv8t.jpg
100780,Jamai Raja,"Siddharth, a hotelier, takes up the responsibility of repairing the relationship between his independent wife, Roshni, and his enterprising mother-in-law, Durga Devi.","Drama, Soap",,"Ravi Dubey, Nia Sharma, Achint Kaur",Niraj Kumar Mishra,2014-08-04,5.5,4,12.8853,hi,1,701,/7TDfSot51AFRK8aFs2kO3snM4um.jpg
19457,India's Got Talent,This talent show features a huge variety of talent ranging from the mundane to the bizarre from heart-stopping feats to the seemingly impossible giving Indians a platform to showcase their talents like no other.,Reality,"competition, talent competition","Malaika Arora, Navjot Singh Sidhu, Shaan, Haarsh Limbachiyaa",,2009-06-27,5.7,9,13.3393,hi,11,237,/1RTJJ4WfVf3pjTV2LVDAQcelPhE.jpg
99887,The Great Emperor Ashoka,"The story of Ashoka, emperor of the Maurya Empire, from his early struggles to his reign as a ruthless emperor.","Soap, Drama, Family","emperor, 3rd century bc","Siddharth Nigam, Soumya Seth, Sumedh Mudgalkar, Mohit Raina, Manoj Kolhatkar",Abhimanyu Singh,2015-02-02,4.5,2,12.7975,hi,1,442,/9ISFxYeaaAyKyV3YVM9SdovQf5c.jpg
231685,Vera Maari Office,,"Comedy, Drama",,"Vikram Arul Vidyapathi, Soundariya Nanjundan, Syama Harini, V.J. Pappu, Janani Ashok Kumar",Shivakanth,2023-08-10,10.0,1,13.1262,ta,2,105,/hjCX7VcawI1MVKESlHHRoNGU7mG.jpg
213712,"Begusarai, Tierra de Nadie","Set in the land of Begusarai, Bihar, the story revolves around the members of the Thakur family, who get fragmented and even come together when several problems arise to eradicate their existence forever.","Action & Adventure, Drama",,"Vishal Aditya Singh, Shivangi Joshi, Sartaj Gill, Shweta Tiwari, Veebha Anand",Sachin Mohite,2015-03-02,0.0,0,11.2721,hi,1,346,/eax7LKzHBETcNh6ACvRa5NH1kLW.jpg
230625,Tula Pahate Re,"Two people from different backgrounds, and different decades. This couple will prove that when two souls are meant to be together, they will find a way to be together.","Drama, Mystery","rich husband, rich vs poor, love story","Gayatri Datar, Subodh Bhave, Shilpa Tulaskar, Abhidnya Bhave, Umesh Jagtap",Aparna Ketkar,2018-08-13,0.0,1,12.0462,mr,1,298,/xnRo6CObeyswSS1KYEEFWj976Yz.jpg
82605,Dance Plus,"Discover solo, couple and group performances starting a movement in revolutionary styles. Transforming dance culture, to find the next big dance trend.",Reality,"competition, dance competition, plus move","Raghav Juyal, Remo D'Souza, Dharmesh Yelande",Remo D'Souza,2015-07-26,10.0,3,12.4299,hi,6,143,/fKPIsK5bCVotGvR29UsDYmHND2O.jpg
5353,Kesar,"Kesar is an Indian television serial that aired on STAR Plus, based on the life of a young girl from rural Punjab named Kesar. Kesar concluded on May 31, 2007 but is currently being repeated from the beginning on the TV Asia channel in USA.","Drama, Family",,"Nandini Singh, Prachi Shah, Nisha Rawal, Yash Tonk",Ekta Kapoor,2004-04-19,0.0,0,12.2996,hi,1,650,
18456,Kashmakash Zindagi Ki,"Kashmakash Zindagi Ki is an Indian TV series produced by Reasonable Advertising Limited, based on the story of an adopted girl who is hated by everyone in her new family except her father. The story portrays the sour relationships in a family. The series premiered on November 20, 2006, and stars Deepshikha in the maid lead as Aradhana.

The series is one of the long-running television programme of DD National channel, which completed its 300 episodes in June 2008 & 500 episodes on March 20, 2009.",Drama,suspense,"Amrapali Gupta, Sudha Chandran, Deepshika Nagpal, Lata Haya",,2006-11-20,0.0,0,12.73,hi,1,575,/kjTpyuGC0ZLYHHxk0CzbY3k001T.jpg
93790,Bhakharwadi,"The story of Bhakharwadi revolves around two families that hail from different cultures living in the same city, Pune as neighbors. Both are competitors in business. The former runs an ancestral shop of bhakharwadi and is a follower of norms and traditions while the latter believes in matching steps with time and promotes fusion food. Both of them have sour relations due to their competitive attitude. But what will happen when the children of these two will fall for each other?","Comedy, Family, Drama",,"Deven Bhojani, Paresh Ganatra, Smita Sarvade, Bhakti Rathod, Akshay Kelkar",,2019-02-10,6.8,4,12.2322,hi,2,362,/1BigpBpjFDHKH4PnfpzwD1iMNFQ.jpg
244291,Aankh Micholi,"Undercover cop Rukmini gets married into a traditional family as the 'Aadarsh Bahu. Oscillating dual lives, how long will she be able to maintain her cover?",,,"Khushi Dubey, Navneet Malik, Drashti Bhanushali, Aria Sakaria, Hitesh Bharadwaj",,2024-01-22,2.2,6,12.0986,hi,1,81,/r76hWdtecuohPeK0nGiwyOW3jjh.jpg
85047,Guddan - Tumse Na Ho Payega,"Guddan faces a big challenge when she becomes a mother-in-law to three daughters-in-law after marrying Akshat, a widower.",Comedy,,"Shweta Mahadik, Manisha Rawat, Trishna Vivek, Kanika Mann, Dalljiet Kaur",,2018-12-19,6.8,4,12.4864,hi,1,595,/il1ynIgGcN6xVLNBuFmQF6TWe79.jpg
283995,Indrani,Dr. Indrani hides her pain with forced smiles. Young Dr. Aditya falls for her warmth. Can love break through societal pressure and give her happiness?,Drama,romance,"Ankitaa Chakraborty, Rahul Ganguly, Soma Banerjee, Bikash Bhowmick, Sumanta Mukherjee",Sumeet Hukamchand Mittal,2022-07-18,3.5,1,12.8491,bn,1,265,/9RTWNhJsWu09Ll60WbGMHc34t6r.jpg
209319,Ajooni,"Surpassing personal conflicts, Ajooni and Rajveer embrace love. But with conspiracies brewing within the family, their relationship must stand the test of time.","Drama, Soap","love, love story, ajooni","Ayushi Khurana, Shoaib Ibrahim, Pankaj Dheer",,2022-07-26,8.0,1,11.8921,hi,1,316,/2iudOwnWpHae87MwXXwtsChpFiu.jpg
213713,Faltu,"What's in a name? Amidst the arid landscape of Rajasthan, a young woman with dreamy eyes struggles to prove her worth.",Drama,"family's daily life, family drama, family holiday, childhood friends","Niharika Chouksey, Aakash Ahuja, Rajat Verma, Drishti Thakur, Mahesh Thakur",,2022-11-02,7.0,140,11.6578,hi,1,302,/lgyFuoXs7GvKJN0mNm7z7OMOFuZ.jpg
72392,Kasam - Tere Pyaar Ki,"Rishi and Tanu who are destined to be together since birth. Their love has stood the test of time, cheating even death. This story of reincarnation will even make non believers believe in love.","Soap, Family, Drama","romance, kasam, fiction","Kratika Sengar, Sharad Malhotra, Shivani Tomar, Saba Mirza",Ekta Kapoor,2016-03-07,8.7,3,12.556,hi,1,623,/7lG4aS1NE4arSjkBBlCErJToJtn.jpg
86130,Jijaji Chhat Par Hai,"Two men live as fake husband and wife only to find a shelter and work, meanwhile focusing on their music career. While the teenage daughter of their landlord and boss becomes attracted to one of them.",Comedy,jijaji,"Raashi Bawa, Hiba Nawab, Naveen Bawa, Nikhil Khurana, Soma Rathod",Shashank Bali,2018-01-08,7.5,2,10.426,hi,2,585,/igM00bpz2EDV7qTsjW0dUysbtwX.jpg
8426,MTV Roadies,"MTV Roadies is a youth-based popular reality television show. It is an Indian version of the original show, Road Rules. In this show, a group of contestants travel to different destinations and participate in various tasks that challenge their physical, social and mental strength.","Reality, Action & Adventure",,"Gurbani Judge, Neha Dhupia, Prince Narula, Nikhil Chinappa, Rannvijay Singha",Raghu Ram,2003-11-03,6.7,3,12.1216,hi,21,513,/rxuX0kszEyVJLDVIZLiZHOcM65y.jpg
235416,Tunte,"Despite her flair for fashion, an ill-fated Tunte gets forced to work as a maid. But re-igniting hopes, a young man Rangan helps her forge a way to success.",Drama,,"Dipanwita Rakshit, Syed Arefin, Mishmee Das, Rajiv Bose",Snigdha Basu,2023-06-04,0.0,0,12.1857,bn,1,194,/fhWruqbIzE4iaW90QbjOYkCTKOx.jpg
216289,Pyar Ka Pehla Naam: Radha Mohan,"In modern-day Vrindavan, Mohan, a charming flute player, loses his spark post a tragedy. Radha, who admires him since her childhood days, decides to remind him of his true love, Lord Krishna.",Drama,,"Neeharika Roy, Shabir Ahluwalia, Sambhabana Mohanty, Keerti Nagpure, Swati Shah",Allee Khan,2022-05-02,5.5,18,11.7885,hi,1,504,/cGUF4aT3GCmCy3f84KKIpWS3kty.jpg
82619,X.X.X: Uncensored,"An erotic anthology series exploring different aspects of love, lust and romance.",Comedy,,"Priyanka Talukdar, Rajat Rawell, Pratima Kazmi, Kyra Dutt, Aparna Sharma",Ekta Kapoor,2018-09-27,4.4,20,13.7447,hi,2,11,/cufcKjv41k4sRJotdxwwHMDl70L.jpg
15317,Zaara,"Twenty-year-old Zaara wants to get married to her childhood lover. But her life gets chaotic after her sister Zeenat asks her to become the second wife of her husband, as she is unable to conceive.",Drama,body-swap,"Sameksha Oswal, Sonia Kapoor Reshammiya, Jatin Grewal, Abhay Vakil, Malini Kapoor",Sanjay R. Kohli,2006-12-04,0.0,0,12.3978,hi,1,362,/g0E3iXEzcbIzKWcglQQSf8r2dhd.jpg
261149,Advocate Anjali Awasthi,"Every underdog has its day! Struggling lawyer Anjali Awasthi takes up a challenging case, all set for her big break. But can she fight the big guns?",Drama,"romance, courtroom, social issues","Shritama Mitra, Ankit Raizada, Puneett Chouksey, Umesh Ghadge, Bhaswar Chatterjee",Snehasis Chakraborty,2024-08-08,0.0,0,10.3284,hi,1,655,/ros7TzkpOJW3Wj0aS06EpZGYbY0.jpg
99795,Gathbandhan,"A tongue-in-cheek story between a boy, who is a donkey, and a self-righteous girl studying to be a police officer.","Family, Drama",,"Shruti Sharma, Abrar Qazi, Pragati Chourasiya, Kinshuk Mahajan, Sonali Pandit Naik",,2019-01-15,8.0,1,13.4242,hi,1,226,/iic8lFIXK3xNG4obybw2sJDRCmm.jpg
80929,Chinna Thambi,"Two people, who are poles apart, find love in each other. However, they face several problems because they belong to different cultures.","Drama, Comedy","romance, family","Prajin Padmanabhan, Pavani Reddy, Hema Rajkumar, Girish, Anila Sreekumar",Raja Velu,2017-10-02,10.0,1,11.2681,ta,1,320,/jG0NkAFEJNuREdQzmsu33C9JVWJ.jpg
17896,Luv Kush,"Luv Kush is an Indian television series created, written, produced, and directed by Ramanand Sagar. It is a follow-up to Sagar's highly successful Ramayan, featuring mostly the same cast and production crew.

Luv Kush covers the last book, the ""Uttar Kand,"" of the ancient Indian epic Ramayana, following Ram's coronation, especially focusing on his children Luv and Kush.","Action & Adventure, Drama",mythology,"Arun Govil, Deepika Chikhalia, Swapnil Joshi, Dara Singh, Mayuresh Kshetramade",Ramanand Sagar,1988-10-29,9.0,1,12.8797,hi,1,39,/39bSWenhnSijWy6Mp0EFdM8jdJR.jpg
302431,Reporters,"Two ambitious journalists, Kabir and Ananya, work together at the KKN channel and eventually fall in love. However, when people plot to separate them, they have to overcome obstacles to stay together.

It is the story of two people finding love in a complex and cut throat world of journalism … where there is no right or wrong way of looking at news AND life. Will Ananya and Kabir’s love survive when they find themselves on opposite sides of the debate on ethics? Passion for news brought them together. Will their ambitions tear them apart?",Drama,,"Rajeev Khandelwal, Kritika Kamra, Anvita Bhargava, Bikramjeet Kanwarpal, Sunny Hinduja",Goldie Behl,2015-04-13,0.0,0,12.7038,hi,1,132,/lJ5AAD2RFKlR27SiwD2oTVIo9H.jpg
52661,Nayagi,,Drama,,"Vidhya Pradeep, Dhilip Rayan, Papri Ghosh, Vetrivel, Nakshathra Nagesh",S. Kumaran,2018-02-19,0.0,0,11.8812,ta,1,718,/7nV1yxg3W49clBi4OeEzQzqPT7x.jpg
18301,The Discovery of India,"Bharat Ek Khoj is a 53-episode Indian historical drama based on the book The Discovery of India by Jawaharlal Nehru, that dramatically unfolds the 5000 year history of India from its beginnings to the coming of independence in 1947. The drama was directed, written and produced by Shyam Benegal with cinematographer V. K. Murthy in 1988 for state-owned Doordarshan. Benegal's regular script collaborator Shama Zaidi also co-wrote the script.","Documentary, Drama","based on novel or book, india, indian history",Roshan Seth,Shyam Benegal,1988-01-03,9.4,7,11.427,hi,1,53,/eE327cvRMzngQTwMvbTSj6yoo74.jpg
96201,Ishq Subhan Allah,A liberal girl and the conflicting views of an orthodox boy reach a stage in which the issue of divorce is raised.,"Drama, Soap, Family","islam, religion, social issues","Eisha Singh, Adnan Khan, Gunn Kansara, Gautam Vig",Danish Javed,2018-03-14,2.0,1,11.3173,hi,1,588,/4VAnrkA0jooF9apXqOvbv05pFGH.jpg
90990,Comedy Nights Bachao,"Based on the format of roast comedy, the show features comic crusaders who take a jibe at celebrity guests testing their patience through slapstick humor and make unpleasant jokes about them.","Talk, Comedy",,"Krishna Abhishek, Bharti Singh, Sudesh Lehri, Mubeen Saudagar, Karan Wahi",Vipul D. Shah,2015-09-15,6.3,3,10.5073,hi,2,64,/rGyQWDNyDkzF9sKZ33RLM3ihhNG.jpg
14307,Aahat,"Viewers will witness the most blood curdling horror that will keep them on the edge at all times. Horror will get ghastly, mysterious and spine chilling like never before, with the return of Aahat. This content will showcase the existence of the supernatural in the most innovative and cryptic manner. A unique amalgamation of high drama, mystery and horror, the show will entertain and haunt the viewers.",Drama,,,Brijendra Pal Singh,1995-10-12,6.3,3,11.2854,hi,6,558,/3dL7GQl5bHZTWaapNmfs9EJZ0Wa.jpg
307959,LBW: Love Beyond Wicket,"A washed-up PT teacher, a legendary coach and a generation of misfit students come together to save a legacy.","Drama, Comedy",,"Vikranth, Sindhu Shyam, Smruthi Mohankumar, Niyathi Kadambi, Ayaz Khan",,2026-01-01,6.5,2,12.8596,ta,1,120,/tC5K8MkLipwV9bIdJV9SQcCzgUF.jpg
224895,Sixth Sense,"A first-of-its- kind show involving the unique senses of humans and explore their thinking abilities with minutely orchestrated nuances between the host and participating celebrities. Sight, hearing, taste, smell and touch are the typically recognized human senses,",Reality,,Ohmkar,Ohmkar,2018-03-31,0.0,0,10.1755,te,5,112,/gXltbXPjw5oaPi0aluPwCYRaQrb.jpg
249755,Dupahiya,"Dhadakpur, the Belgium of Bihar, is on the cusp of celebrating 25 years of being crime free. But chaos strikes when a never-seen-before motorbike, that was purchased as a wedding gift gets stolen 7 days before the ceremony! The journey taken by the bride's family and ex-lover to find the Dupahiya forms the heart of this comedy, which explores the hopes and aspirations of simple people.","Comedy, Drama",,"Gajraj Rao, Bhuvan Arora, Sparsh Shrivastava, Shivani Raghuvanshi, Renuka Shahane",Chirag Garg,2025-03-07,7.4,5,11.1207,hi,2,17,/9qxeUZGHNxCgaiM601VYnhJnZMh.jpg
96074,Shubharambh,"A confident Rani wants to earn big for her family. But, her way to success is filled with roadblocks. On the other hand, Raja, born with a silver spoon in his mouth has everyone one needs, except an inkling of self-confidence. As fate has it, the two opposites end up together, but will their union bring about the best in them? Can they make their lives a success and prove everyone else wrong?","Drama, Family, Soap","romance, thriller","Akshit Sukhija, Mahima Makwana, Jiten Lalwani, Chhaya Vora",Pankhuri Gangwal,2019-12-02,10.0,1,12.7086,hi,1,175,/ntyQNfdfZKd6eHKfoj63vibwEma.jpg
63826,Kaisi Yeh Yaariaan,Manik and Nandini's fairy tale love faces shadows that threaten their promised world of light. Can their bond prevail or will it crumble under darkness?,Drama,,"Niti Taylor, Parth Samthaan",Rajeev Raj,2014-07-21,10.0,2,11.2651,hi,5,367,/hkoasd7mTqMVGsaTc6UxZ6iHmqT.jpg
86978,Divya Drishti,"Separated at childhood, Divya and Drishti attain super powers - to not only see the future, but also manipulate it. However, their own future lies in the hands of an evil Pishachini.","Mystery, Sci-Fi & Fantasy","supernatural, thriller","Nyra Banerjee, Sana Sayyad, Sangita Ghosh, Adhvik Mahajan, Mansi Srivastava",Brijendra Pal Singh,2019-02-23,7.0,1,12.5901,hi,1,106,/na7Xl9xMVp79x16HRkNlwF1Pp5z.jpg
75283,Woh Apna Sa,"Aditya, a young man, faces difficulties when he is torn between the love and responsibilities of his two wives. Amidst all the odds, he tries to keep everyone happy and together.",Drama,romance,"Sudeep Sahir, Disha Parmar, Ridhi Dogra, Kunal Karan Kapoor",Siddharth P. Malhotra,2017-01-23,3.0,1,8.5234,hi,1,391,/uctJZRlrToOdKLBqAnzFrRddBIx.jpg
154505,Gangaa,,Drama,romance,"Aditi Sharma, Ruhana Khanna, Vishal Vashishtha, Hiten Tejwani, Gungun Uprari",,2015-01-12,7.0,3,11.4606,hi,3,595,/5Zz2RC9K6BpXtJHq5tpif2OKxt.jpg
72648,Meri Aashiqui Tum Se Hi,"Ranvir come to Mumbai with his father at age of 9 .The first time he saw Ishaani,he fell in love with her.however,he had to face a lot of trouble to confess his love to her.","Drama, Soap",romance,"Shakti Arora, Radhikka Madan, Shahab Khan, Utkarsha Naik",Ekta Kapoor,2014-06-24,0.0,0,10.6822,hi,1,446,/7yt6rGOWtUrXvxW1uUSMG15mkHE.jpg
306555,Tuu Juliet Jatt Di,"The star of the story—Heer—is an ambitious Kudi! Poles apart, Nawab is a rich, spoiled Munda. Destiny brings them together in a love saga inked by betrayals.","Drama, Soap",,"Jasmeet Kaur, Syed Raza Ahmed, Digvijay Purohit, Ayush Sharma, Abhishek Sharma",Sargun Mehta,2025-11-17,0.0,0,11.0473,hi,2,322,/oy23uz9J5o9hIkZGqMhySajy9Jt.jpg
59414,Karishma: The Miracles of Destiny,"Karishma – The Miracles of Destiny was an Indian television serial which was first broadcast on Sahara One on 25 August 2003 and lasted over 262 episodes ending in October 2004. It starred Karisma Kapoor in the leading role alongside an all-star cast including Sanjay Kapoor, Arbaaz Khan, Arshad Warsi, Vikas Bhalla and Jugal Hansraj. Created by Akashdeep, it was written by Sachin Bhowmick and directed by Anurag Basu. The title song was composed by Anu Malik and sung by Sonu Nigam and Sapna Mukherjee. In the UK, the serial has been aired on Venus in 2007 and repeated on Sahara One from September 2012 to March 2013.",Drama,,"Karisma Kapoor, Sanjay Kapoor, Arbaaz Khan, Harsh Chhaya, Ayub Khan",Akashdeep Sabir,2003-08-25,10.0,1,10.8816,hi,1,262,
